[{"ifsc":"CSBK0000745","micr":"NA","address":"GANDHIPET, TIRUPATHUR - 635 601, VELLORE DT., TAMILNADU","city":"TIRUPATTUR","district":"VELLORE","state":"TAMIL NADU","bank_code":"CSBK"},{"ifsc":"CSBK0000443","micr":"WAITING","address":"GROUND FLOOR,MADASSERY KIZHAKUTE COMPLEX PULIYANOOR,VELLTTANJUR P O,THRISSUR 680601","city":"MUNDATHICODE","district":"THRISSUR","state":"KERALA","bank_code":"CSBK"},{"ifsc":"CSBK0000442","micr":"NA","address":"KALLINGAL BUILDING,PANNITHADAM ROAD,CHIRANELLUR,PATTIKARA,THRISSUR DIST 680501","city":"KECHERY","district":"THRISSUR","state":"KERALA","bank_code":"CSBK"},{"ifsc":"CSBK0000441","micr":"NA","address":"EBILIN VILLA,KUNNAMKULAM WADAKANCHERRY ROAD,KANJIRAKODE,THRISSUR DIST,680590","city":"WADAKANCHERRY","district":"THRISSUR","state":"KERALA","bank_code":"CSBK"},{"ifsc":"CSBK0000440","micr":"NA","address":"GROUND FLOOR,VELUTHEDETHU VALAPPIL BUILDING,PANGARAPALLY,CHELAKARA,THRISSUR,680586","city":"CHELAKKARA","district":"THRISSUR","state":"KERALA","bank_code":"CSBK"},{"ifsc":"CSBK0000439","micr":"NA","address":"ALMAS PLAZA,TEMPLE ROAD,PAMPADY PO,THRISSUR DIST,680588","city":"THIRUVILWAMALA","district":"THRISSUR","state":"KERALA","bank_code":"CSBK"},{"ifsc":"CSBK0000438","micr":"NA","address":"KARIKKAYIL BUILDING,CHELAKODE,THRISSUR DIST,PO,680587","city":"CHELAKKARA","district":"THRISSUR","state":"KERALA","bank_code":"CSBK"},{"ifsc":"CSBK0000437","micr":"NA","address":"UNITY HOSPITAL JUNCTION,KUNNAMKULAM MAIN ROAD,KANIPAYUR,THRISSUR DIST 680517","city":"KUNNAMKULAM","district":"THRISSUR","state":"KERALA","bank_code":"CSBK"},{"ifsc":"CSBK0000436","micr":"NA","address":"ENGOOR COMPLEX,IRINJALAKKUDA P.O,THEKKEKAVUPURA,MANAVALASSERRY,THRISSUR DIST 680121","city":"IRINJALAKUDA","district":"THRISSUR","state":"KERALA","bank_code":"CSBK"},{"ifsc":"CSBK0000435","micr":"NA","address":"CO TOWERS,SIVANADA PO,PONNORE,PARAPPUR MAIN ROAD,EDAKKALATHUR,THRISSUR DIST 680552","city":"PARAPPUR","district":"THRISSUR","state":"KERALA","bank_code":"CSBK"},{"ifsc":"CSBK0000434","micr":"NA","address":"AMBADY COMPLEX,VIA MAYANNUR,SOUTH KONDAZHY P O,PIN 679106","city":"MAYANNUR","district":"THRISSUR","state":"KERALA","bank_code":"CSBK"},{"ifsc":"CSBK0000433","micr":"NA","address":"CHEEYEDATH BUILDING,MUKUNDAPURAM TALUK,THIRUMUKKULAM,THRISSUR DIST 680734","city":"MALA","district":"THRISSUR","state":"KERALA","bank_code":"CSBK"},{"ifsc":"CSBK0000432","micr":"NA","address":"PALLATHU COMPLEX,MULLASSERY PANCHAYATH,ANNAKARA VILLAGE,PERUVALLUR P.O 680568","city":"PARAPPUR","district":"THRISSUR","state":"KERALA","bank_code":"CSBK"},{"ifsc":"CSBK0000431","micr":"NA","address":"GROUND FLOOR,VADAKKOOT COMPLEX,SOCIETY JN,MADAKATHARA P.O VELLANIKKARA 680651","city":"MADAKKATHARA","district":"THRISSUR","state":"KERALA","bank_code":"CSBK"},{"ifsc":"CSBK0000430","micr":"NA","address":"NATTUUVETTY BUILDING,MAIN ROAD KIZHUPILLIKARA PIN 680704","city":"TRIPRAYAR","district":"THRISSUR","state":"KERALA","bank_code":"CSBK"},{"ifsc":"CSBK0000429","micr":"NA","address":"GROUND FLOOR,NEENDUSSERY RAJU BROTHERS BUILDING,KARUMATHRA,PIN 680589","city":"WADAKANCHERRY","district":"THRISSUR","state":"KERALA","bank_code":"CSBK"},{"ifsc":"CSBK0000428","micr":"NA","address":"MADAPPATTUPARAMBIL COMPLEX,PORKULAM CENTRE,PAZHANJI ROAD,PORKULAM,PIN 680542","city":"KUNNAMKULAM","district":"THRISSUR","state":"KERALA","bank_code":"CSBK"},{"ifsc":"CSBK0000427","micr":"NA","address":"MUPLIAM ROAD,NANDHIPULAM JN,PIN 680312","city":"PUDUCAD","district":"THRISSUR","state":"KERALA","bank_code":"CSBK"},{"ifsc":"CSBK0000426","micr":"NA","address":"NEAR ST ANTONY S CHURCH,MALA KODUNGALLOOR ROAD,PIN 680732","city":"MALA","district":"THRISSUR","state":"KERALA","bank_code":"CSBK"},{"ifsc":"CSBK0000425","micr":"NA","address":"SABARI KRISHNA MANDAPAM,PLAVINCHOD BUS STOP,ATTUR MAIN ROAD,ATTUR,PIN 680583","city":"MULLURKKARA","district":"THRISSUR","state":"KERALA","bank_code":"CSBK"},{"ifsc":"CSBK0000424","micr":"NA","address":"ANJUR ROAD,CHITTANJUR POST,NEAR PARKADI TEMPLE,PIN 680523","city":"KUNNAMKULAM","district":"THRISSUR","state":"KERALA","bank_code":"CSBK"},{"ifsc":"CSBK0000423","micr":"NA","address":"KOONAGHAPARAMBIL BUILDINGS,ERUMAPATTY,THALAPPILLY THALUK,PIN 680584","city":"WADAKANCHERRY","district":"THRISSUR","state":"KERALA","bank_code":"CSBK"},{"ifsc":"CSBK0000422","micr":"NA","address":"GROUND FLOOR,ST.AUGUSTINE CHURCH BUILDING,MADATHUMPADY P O,POYYA,PIN 680733","city":"KUZHUR","district":"THRISSUR","state":"KERALA","bank_code":"CSBK"},{"ifsc":"CSBK0000421","micr":"NA","address":"ST.MARY S CHURCH COMPLEX,KOLANGATTUKARA,CHOOLISSERY P O,THRISSUR DIST,PIN 680 541","city":"THRISSUR","district":"THRISSUR","state":"KERALA","bank_code":"CSBK"},{"ifsc":"CSBK0000420","micr":"NA","address":"DOHA COMPLEX,PATTAMBI ROAD,NELLUVAYA,THALAPPILLY THALUK,PIN 680584","city":"WADAKANCHERRY","district":"THRISSUR","state":"KERALA","bank_code":"CSBK"},{"ifsc":"CSBK0000419","micr":"NA","address":"GR. FLOOR, R R COMPLEX, VALAVANANGADI, PADIYUR, THRISSUR-680688","city":"ARIPALAM","district":"THRISSUR","state":"KERALA","bank_code":"CSBK"},{"ifsc":"CSBK0000418","micr":"NA","address":"ELENJIPRA-CHOWKA ROAD, PARIYARAM PO, CHALAKUDY-680721","city":"CHALAKUDY","district":"THRISSUR","state":"KERALA","bank_code":"CSBK"},{"ifsc":"CSBK0000417","micr":"NA","address":"FIRST FLOOR, NILA BUILDING ,NEAR ESI HOSPITAL ,PERINGANDOOR PO, THRISSUR-680581","city":"MINALUR (ATHANI)","district":"THRISSUR","state":"KERALA","bank_code":"CSBK"},{"ifsc":"CSBK0000416","micr":"NA","address":"JANAKI COMPLEX, KIZHAKKUMURI,PERINGOTTUKARA,THRISSUR-680571","city":"TRIPRAYAR","district":"THRISSUR","state":"KERALA","bank_code":"CSBK"},{"ifsc":"CSBK0000415","micr":"NA","address":"FIRST FLOOR, SREE KRISHNA COMPLEX, THOZHUPADAM ROAD,PAINKULAM,PIN- 679 531,THRISSUR","city":"CHELAKKARA","district":"THRISSUR","state":"KERALA","bank_code":"CSBK"},{"ifsc":"CSBK0000414","micr":"NA","address":"GR. FLOOR, PLACKAL COMPLEX, MULAYAM, PIN 680751","city":"PATTIKAD","district":"THRISSUR","state":"KERALA","bank_code":"CSBK"},{"ifsc":"CSBK0000413","micr":"NA","address":"OPP. ST. MARY'S CHURCH, MEDICAL COLLEGE ROAD,VELAPAYA,THRISSUR-680596","city":"AVANUR","district":"THRISSUR","state":"KERALA","bank_code":"CSBK"},{"ifsc":"CSBK0000412","micr":"NA","address":"GROUND FLOOR, SASTHA BUILDING, VENGINISSERY, THRISSUR-680563","city":"AMMADAM","district":"THRISSUR","state":"KERALA","bank_code":"CSBK"},{"ifsc":"CSBK0000411","micr":"NA","address":"GR. FLOOR, SASTA COMPLEX, PO CHAZHOOR-680571","city":"TRIPRAYAR","district":"THRISSUR","state":"KERALA","bank_code":"CSBK"},{"ifsc":"CSBK0000410","micr":"NA","address":"GR. FLOOR ,AISHWARYA BUILDING ,PARLIKAD,WADAKKANCHERRY,THRISSUR-680623","city":"WADAKANCHERRY","district":"THRISSUR","state":"KERALA","bank_code":"CSBK"},{"ifsc":"CSBK0000409","micr":"NA","address":"ST. PIUS XTH CHURCH BUILDING, PUTHURUTHI VIA WADAKKANCHERRY-680623","city":"WADAKANCHERRY","district":"THRISSUR","state":"KERALA","bank_code":"CSBK"},{"ifsc":"CSBK0000408","micr":444047002,"address":"PLOT NO 31/4B,HOLY CROSS CONVENT ROAD,OPP:KHANDELWAL MARUTI SHOW ROOM,AKOLA-444001, MAHARASHTRA","city":"AKOLA","district":"AHMADNAGAR","state":"MAHARASHTRA","bank_code":"CSBK"},{"ifsc":"CSBK0000407","micr":"NA","address":"GROUND FLOOR, PLOT NO-C-6, C-12 PART , BLOCK NO-1, WARD NO-2, T.N.H.B, WALAJAPET-632513, VELLORE DISTRICT, TAMIL NADU","city":"WALAJAPET","district":"VELLORE","state":"TAMIL NADU","bank_code":"CSBK"},{"ifsc":"CSBK0000406","micr":"NA","address":"20TH CROSS, R.P. ROAD, NANJANGUD, MYSORE DIST KARNATAKA","city":"NANJANGUD","district":"MYSORE","state":"KARNATAKA","bank_code":"CSBK"},{"ifsc":"CSBK0000405","micr":415047051,"address":"SHOP NO 1,2,3; GROUND FLOOR,HOTEL VYANKATESH EXECUTIVE,KOLHAPUR ROAD,MARUTI MANDIR CIRCLE,RATNAGIRI- 415612","city":"RATNAGIRI","district":"RATNAGIRI","state":"MAHARASHTRA","bank_code":"CSBK"},{"ifsc":"CSBK0000404","micr":"NA","address":"GROUND FLOOR, 37, AMAR SINGH MARG, FREEGANJ, UJJAIN 456010, MADHYA PRADESH","city":"UJJAIN","district":"UJJAIN","state":"MADHYA PRADESH","bank_code":"CSBK"},{"ifsc":"CSBK0000403","micr":"NA","address":"PLOT NO. 158, ASHWANI BAZAR, NEAR DELHI GATE, UDAIPUR 313001","city":"UDAIPUR","district":"UDAIPUR","state":"RAJASTHAN","bank_code":"CSBK"},{"ifsc":"CSBK0000402","micr":"NA","address":"SPL-1-L,PHASE 1,INDUSTRIAL AREA,BHIWADI,DISTT-ALWAR,RAJASTHAN-301019","city":"BHIWADI","district":"ALWAR","state":"RAJASTHAN","bank_code":"CSBK"},{"ifsc":"CSBK0000401","micr":"NA","address":"DEIRA TOWER, NH 17 JUNCTION,  KUTTIPPURAM-679571","city":"KUTTIPURAM","district":"MALAPPURAM","state":"KERALA","bank_code":"CSBK"},{"ifsc":"CSBK0000400","micr":679047102,"address":"2/640-G, JANATHAPADI, CNG ROAD , NILAMBUR -679329.","city":"NILAMBUR","district":"MALAPPURAM","state":"KERALA","bank_code":"CSBK"},{"ifsc":"CSBK0000399","micr":"NA","address":"GROUND FLOOR, GULSHAN PLAZA, BADNERA ROAD, RAJAPET, AMARAVATI-444601","city":"AMRAVATI","district":"AMRAVATI","state":"MAHARASHTRA","bank_code":"CSBK"},{"ifsc":"CSBK0000398","micr":"NA","address":"29 & 29A, THERADI STREET,SRIPERUMBUDUR, KANCHEEPURAM DISTRICT-602105","city":"SRIPERUMBUDUR","district":"KANCHEEPURAM","state":"TAMIL NADU","bank_code":"CSBK"},{"ifsc":"CSBK0000397","micr":396047112,"address":"GROUND FLOOR, RIDDHI APTS., NEAR HANUMAN MANDIR,  66 KVA ROAD, AMILI, SILVASSA 396230, (U T OF D & NH).","city":"AMLI","district":"DADRA&NAGAR HAVELI","state":"DADRA AND NAGAR HAVELI","bank_code":"CSBK"},{"ifsc":"CSBK0000396","micr":"NA","address":"GROUND FLOOR, KRISHNA  DARSHAN, PARIMAL  CHOWK, WAGHAWADI  ROAD, BHAVNAGAR, GUJARAT-364001","city":"BHAVNAGAR","district":"BHAVNAGAR","state":"GUJARAT","bank_code":"CSBK"},{"ifsc":"CSBK0000395","micr":416047002,"address":"514/1 /D ,  NEAR CBS ,STATION ROAD, KOLHAPUR 416 001","city":"KOLHAPUR","district":"KOLHAPUR","state":"MAHARASHTRA","bank_code":"CSBK"},{"ifsc":"CSBK0000394","micr":364047001,"address":"SATHY ROAD, POOTHOTTAM NAGAR, SARAVANAMPATTI, COIMBATORE DISTRICT - 641035","city":"COIMBATORE","district":"COIMBATORE","state":"TAMIL NADU","bank_code":"CSBK"},{"ifsc":"CSBK0000393","micr":"NA","address":"OPP.MAHARISH MAHAL,AVINASHI ROAD,ANNUR,COIMBATORE DISTRICT-641653","city":"ANNUR","district":"COIMBATORE","state":"TAMIL NADU","bank_code":"CSBK"},{"ifsc":"CSBK0000392","micr":173047002,"address":"GROUND FLOOR, DANG COMPLEX, NEAR D C OFFICE, RAJGARH ROAD, SOLAN, HIMACHAL PRADESH 173212.","city":"SOLAN","district":"SOLAN","state":"HIMACHAL PRADESH","bank_code":"CSBK"},{"ifsc":"CSBK0000391","micr":"NA","address":"GROUND FLOOR, HOTEL PLAZA BUILDING, VAPI-SILVASSA MAIN ROAD,SILVASSA-396230","city":"SILVASA","district":"DADRA&NAGAR HAVELI","state":"DADRA AND NAGAR HAVELI","bank_code":"CSBK"},{"ifsc":"CSBK0000390","micr":396047031,"address":"GROUND FLOOR,ORBIT,MAHALAKSHMI SOCIETY,VAPI-DAMAN ROAD,CHALA,VAPI,GUJARAT-396191","city":"VAPI","district":"VALSAD","state":"GUJARAT","bank_code":"CSBK"},{"ifsc":"CSBK0000389","micr":400047022,"address":"SHOP 7-8, ARIHANT DARSHAN,90 FT ROAD, NEAR FLYOVER BRIDGE, BHAYANDER WEST, THANE-401101","city":"MIRA-BHAYANDAR","district":"THANE","state":"MAHARASHTRA","bank_code":"CSBK"},{"ifsc":"CSBK0000388","micr":400047021,"address":"GROUND FLOOR, GOKUL PLAZA, OPP MULJIBHAI MEHTA INTERNATIONAL SCHOOL GOKUL TOWNSHIP,VIRAR WEST THANE 401303","city":"VIRAR","district":"THANE","state":"MAHARASHTRA","bank_code":"CSBK"},{"ifsc":"CSBK0000387","micr":673047402,"address":"GROUND FLOOR, TOWER 17,BYE PASS ROAD KONDOTTY","city":"KONDOTTY","district":"KUNDOTTY","state":"KERALA","bank_code":"CSBK"},{"ifsc":"CSBK0000386","micr":282047002,"address":"SHREE TALKIES COMPOUND, NH-2,AGRA-282002","city":"AGRA","district":"AGRA","state":"UTTAR PRADESH","bank_code":"CSBK"},{"ifsc":"CSBK0000385","micr":"NA","address":"SURAJ BHAG COLONY, JURHARA ROAD, KAMAN  BHARTPUR-321022, RAJASTHAN","city":"KAMAN","district":"BHARTPUR","state":"RAJASTHAN","bank_code":"CSBK"},{"ifsc":"CSBK0000384","micr":"NA","address":"DOOR NO 4273,BALDEV GANJ,KOSI KALAN, MATHURA DT UTTAR PRADESH - 281 403","city":"KOSI KALAN","district":"MATHURA","state":"UTTAR PRADESH","bank_code":"CSBK"},{"ifsc":"CSBK0000383","micr":110047009,"address":"R D C 21 & 22,GROUND FLOOR, ADVOCATE CHAMBERS,RAJ NAGAR, GHAZIABAD, UTTER PRADESH-201002","city":"GHAZIABAD","district":"GHAZIABAD","state":"UTTAR PRADESH","bank_code":"CSBK"},{"ifsc":"CSBK0000382","micr":"NA","address":"782 A/1, RSR COMPLEX, SALEM MAIN ROAD, NAMAKKAL","city":"NAMAKKAL","district":"NAMAKKAL","state":"TAMIL NADU","bank_code":"CSBK"},{"ifsc":"CSBK0000381","micr":676047102,"address":"SMART TRADE CITY,NEAR BUS STAND, KOTTAKKAL,676503","city":"KOTTAKKAL","district":"MALAPPURAM","state":"KERALA","bank_code":"CSBK"},{"ifsc":"CSBK0000380","micr":676047252,"address":"BUILDING NO III/747, MOOCHIKKAL , VALANCHERY 676552, MALAPPURAM DT","city":"VALANCHERY","district":"MALAPPURAM","state":"KERALA","bank_code":"CSBK"},{"ifsc":"CSBK0000379","micr":"NA","address":"365,TRICHY ROAD,NEAR DSP OFFICE,PALLADAM-641664","city":"PALLADAM","district":"TIRUPUR","state":"TAMIL NADU","bank_code":"CSBK"},{"ifsc":"CSBK0000378","micr":"NA","address":"23/A HARIPRIYA COMPLEX,LMW PIRIVU,PERIANAIKENPALAYAM,641020","city":"PERIYANAICKANPALAYAM","district":"COIMBATORE","state":"TAMIL NADU","bank_code":"CSBK"},{"ifsc":"CSBK0000377","micr":629047102,"address":"1-14,A5.S VMALL,PAMMAM MARTHANDAM 629165,KANYAKUMARI DISTRICT,TAMILNADU","city":"KANYAKUMARI","district":"KANYAKUMARI","state":"TAMIL NADU","bank_code":"CSBK"},{"ifsc":"CSBK0000376","micr":682047002,"address":"D.J.M BUILDING, MARKET ROAD,COCHI,682011","city":"KOCHI","district":"ERNAKULAM","state":"KERALA","bank_code":"CSBK"},{"ifsc":"CSBK0000375","micr":"NA","address":"D.J.M BUILDING, MARKET ROAD,COCHI,682011","city":"KOCHI","district":"ERNAKULAM","state":"KERALA","bank_code":"CSBK"},{"ifsc":"CSBK0000371","micr":"NA","address":"SHIV' P N MARG OPP.DHANAVANTRY, UNIVERSITY OF AYURVEDA JAM NAGAR 361 008  GUJARAT","city":"JAMNAGAR","district":"JAMNAGAR","state":"GUJARAT","bank_code":"CSBK"},{"ifsc":"CSBK0000370","micr":"NA","address":"VIJAY MILLENEIUM, SADAR BAZAR, NEAR ZILLA PARISHAD, VISAVA NAKA, SATARA, MAHARASHTRA 415001","city":"SATARA","district":"SATARA","state":"MAHARASHTRA","bank_code":"CSBK"},{"ifsc":"CSBK0000369","micr":"NA","address":"5-222 VIVEKANANDA NAGAR COLONY KUKATPALLY HYDERABAD 500 072","city":"KUKATPALLY","district":"RANGA REDDY","state":"ANDHRA PRADESH","bank_code":"CSBK"},{"ifsc":"CSBK0000368","micr":"NA","address":"A.V.R.TOWERS,II FLOOR, NO.4,BHARATHI ROAD, CUDDALORE-607001","city":"CUDDALORE","district":"CUDDALORE","state":"TAMIL NADU","bank_code":"CSBK"},{"ifsc":"CSBK0000367","micr":"NA","address":"32, NAGESWARAN KOIL SANNATHI STREET KUMBAKONAM 612 001","city":"KUMBAKONAM","district":"THANJAVUR","state":"TAMIL NADU","bank_code":"CSBK"},{"ifsc":"CSBK0000366","micr":560047011,"address":"NEAR OLD BUS STAND, B B ROAD, DEVANAHALLI TOWN - 562110","city":"DEVANAHALLI","district":"BANGALORE RURAL","state":"KARNATAKA","bank_code":"CSBK"},{"ifsc":"CSBK0000365","micr":"NA","address":"KALYANI COMPLEX 2ND CROSS, B K ROAD KANAKAPURA 562 117  KARNATAKA","city":"KANAKAPURA","district":"BANGALORE RURAL","state":"KARNATAKA","bank_code":"CSBK"},{"ifsc":"CSBK0000364","micr":700047004,"address":"NO.BF/25, SALT LAKE CITY SECTOR-1 KOLKATA 700 064","city":"KOLKATA","district":"KOLKATA","state":"WEST BENGAL","bank_code":"CSBK"},{"ifsc":"CSBK0000363","micr":"NA","address":"KIADB BUILDING BOMMASANDRA INDUSTRIAL AREA COMPLEX HOSUR ROAD,BANGALORE 560 099","city":"BOMMASANDRA","district":"BANGALORE URBAN","state":"KARNATAKA","bank_code":"CSBK"},{"ifsc":"CSBK0000362","micr":"NA","address":"NO.65 NEHRU BAZAR OLD MARKET AVADI, CHENNAI","city":"AVADI","district":"TIRUVALLUR","state":"TAMIL NADU","bank_code":"CSBK"},{"ifsc":"CSBK0000361","micr":530047002,"address":"RATNASRI  NEAR DIAMOND PARK, SAVKARAMATTOM ROAD, DWARAKA NAGAR, VISAKHAPATNAM 530 016","city":"VISAKHAPATNAM","district":"VISHAKAPATNAM","state":"ANDHRA PRADESH","bank_code":"CSBK"},{"ifsc":"CSBK0000360","micr":431047003,"address":"OBEROI CHANMBERS, NEAR HOTEL AMAR PREET, JALNA ROAD, AURANGABAD, MAHARASHTRA - 431 001","city":"AURANGABAD","district":"AURANGABAD","state":"MAHARASHTRA","bank_code":"CSBK"},{"ifsc":"CSBK0000359","micr":"NA","address":"MILAP TOWERS, G T ROAD PHAGWARA 144 401 PUNJAB","city":"PHAGWARA","district":"KAPURTHALA","state":"PUNJAB","bank_code":"CSBK"},{"ifsc":"CSBK0000358","micr":"NA","address":"164, CITY SQUARE KRISHNAGIRI BYE PASS ROAD HOSUR 635 109, KRISHNAGIRI DT. T.NADU","city":"HOSUR","district":"KRISHNAGIRI","state":"TAMIL NADU","bank_code":"CSBK"},{"ifsc":"CSBK0000357","micr":422047002,"address":"SHOP NO 9,10,11, CANADA CORNER, RUSHIRAJ AVENUE, SHARANPUR TIMBAK LINK ROAD, NASIK 422002, MAHARASHTRA","city":"NASHIK","district":"NASHIK","state":"MAHARASHTRA","bank_code":"CSBK"},{"ifsc":"CSBK0000356","micr":"NA","address":"K R EXTENSION NO.10321 HOSKOTE BANGALORE 562 114 KARNATAKA","city":"HOSKOTE","district":"BANGALORE RURAL","state":"KARNATAKA","bank_code":"CSBK"},{"ifsc":"CSBK0000355","micr":"NA","address":"C K TOWER NEAR BLOCK DEV.OFFICE PATTAMBI ROAD EDAPPAL 679 576 MALAPPURAM DT KERALA","city":"EDAPPAL","district":"MALAPURAM","state":"KERALA","bank_code":"CSBK"},{"ifsc":"CSBK0000354","micr":"NA","address":"BALAKRISHNA BUILDING, OPP VIJAYAMATHA CONVENT MAIN ROAD, PONNANI 679577","city":"PONNANI","district":"MALAPURAM","state":"KERALA","bank_code":"CSBK"},{"ifsc":"CSBK0000353","micr":"NA","address":"473/XII PRASAD HOTEL COMPLEX N H 47-NEAR KACHERY JUNCTION-ATTINGAL","city":"ATTINGAL","district":"TRIVANDRUM","state":"KERALA","bank_code":"CSBK"},{"ifsc":"CSBK0000352","micr":"NA","address":"DOOR NO. 260/A, VETTICATTU BUILDINGS, MANNAMPLAVU JUNCTION, CHIRAKKADAVU, KOTTAYAM-686 520, KERALA","city":"CHIRAKKADAVU","district":"KOTTAYAM","state":"KERALA","bank_code":"CSBK"},{"ifsc":"CSBK0000351","micr":"NA","address":"SACRED HEART HOSPITAL, PAYANKULAM, THODUPUZHA-685 584 IDUKKI DT., KERALA.","city":"THODUPUZHA","district":"IDUKKI","state":"KERALA","bank_code":"CSBK"},{"ifsc":"CSBK0000350","micr":"NA","address":"ST.THOMAS CHURCH PREMISES, PULLUVAZHI, M.C ROAD, PERUMBAVOOR P.O., ERNAKULAM - 683 541, KERALA.","city":"PERUMBAVOOR","district":"ERNAKULAM","state":"KERALA","bank_code":"CSBK"},{"ifsc":"CSBK0000349","micr":"NA","address":"DIVINE RETREAT CENTRE, MURINGOOR, CHALAKUDY - 680 316 TRICHUR DT., KERALA.","city":"MURINGUR","district":"TRISSUR","state":"KERALA","bank_code":"CSBK"},{"ifsc":"CSBK0000348","micr":682047022,"address":"BHARAT MATHA COLLEGE, TRIKKAKARA, KOCHI - 682021","city":"THRIKKAKARA","district":"ERNAKULAM","state":"KERALA","bank_code":"CSBK"},{"ifsc":"CSBK0000347","micr":400047017,"address":"HOLY FAMILY CONVENT HS, LAL CHAKKI, ULHAS NAGAR, MUMBAI - 421004","city":"ULHASNAGAR","district":"THANE","state":"MAHARASHTRA","bank_code":"CSBK"},{"ifsc":"CSBK0000346","micr":400047020,"address":"ST.THERESE CONVENT SCHOOL, PANDIT DINDAYAL ROAD, DOMBIVILI WEST, MUMBAI - 421202","city":"DOMBIVLI","district":"THANE","state":"MAHARASHTRA","bank_code":"CSBK"},{"ifsc":"CSBK0000345","micr":"NA","address":"BISHOP ALAPATT MISSION HOSPITAL, KARANCHIRA, P.O.KATTOOR - 680 702. TRICHUR DT., KERALA.","city":"IRINJALAKUDA","district":"TRISSUR","state":"KERALA","bank_code":"CSBK"},{"ifsc":"CSBK0000344","micr":"NA","address":"ST.MARYS ORTHODOX CATHEDRAL CHURCH THUMPAMON, VIA PANDALAM, PATHANAMTHITTA-689 502, KERALA","city":"PATHANAMTHITTA","district":"PATHANAMTHITTA","state":"KERALA","bank_code":"CSBK"},{"ifsc":"CSBK0000343","micr":"NA","address":"MARIA THRESA HOSPITAL KUZHIKATTUSSERY, TRICHUR PIN-680 696, KERALA","city":"MALA","district":"TRISSUR","state":"KERALA","bank_code":"CSBK"},{"ifsc":"CSBK0000342","micr":"NA","address":"PROVIDENCE WOMENS COLLEGE, CARMEL HILL, P.O MALAPARAMBA, KOZHIKODE - 673009","city":"CALICUT","district":"KOZHIKODE","state":"KERALA","bank_code":"CSBK"},{"ifsc":"CSBK0000341","micr":"NA","address":"N.S.S. HIGH SCHOOL, KUDASSANAD- 689 512 ALLEPPEY DT., KERALA.","city":"ALAPPUZHA","district":"ALAPUZZHA","state":"KERALA","bank_code":"CSBK"},{"ifsc":"CSBK0000340","micr":400047018,"address":"ST.THOMAS JACOBITE SYRIAN ORTHADOX CHURCH BLDG., NEAR ST.XAVIER'S SCHOOL, SECTOR-3, PLOT NO.10, NERUL, NAVI MUMBAI - 400 706","city":"NEW MUMBAI","district":"THANE","state":"MAHARASHTRA","bank_code":"CSBK"},{"ifsc":"CSBK0000339","micr":400047016,"address":"INSTITUTE OF INDIAN CULTURE, OPP.CANOSSA HIGH SCHOOL, MAHAKALI CAVES ROAD, ANDHERI EAST, MUMBAI 400093","city":"MUMBAI","district":"GREATER MUMBAI","state":"MAHARASHTRA","bank_code":"CSBK"},{"ifsc":"CSBK0000338","micr":"NA","address":"ST.JOSEPH'S HOSPITAL BUILDING, CHOONDL P.O., TRICHUR. PIN - 680502, KERALA","city":"CHOONDAL","district":"TRISSUR","state":"KERALA","bank_code":"CSBK"},{"ifsc":"CSBK0000337","micr":560047008,"address":"THE CATHOLIC SYRIAN BANK LTD,NO 3/1,CLARKE ROAD,RICHARDS TOWN FRAZER TOWN P O,BANGALORE 560005","city":"BANGALORE","district":"BANGALORE URBAN","state":"KARNATAKA","bank_code":"CSBK"},{"ifsc":"CSBK0000336","micr":600047013,"address":"CATHOLIC SYRIAN BANK, PERAVALLUR, CHENNAI.","city":"CHENNAI","district":"CHENNAI","state":"TAMIL NADU","bank_code":"CSBK"},{"ifsc":"CSBK0000335","micr":"NA","address":"Nalakath Shopping Complex, Mallad, Perakom PO, Thrissur-680506","city":"KOTTAPADI","district":"TRISSUR","state":"KERALA","bank_code":"CSBK"},{"ifsc":"CSBK0000334","micr":695047013,"address":"ST. JOSEPHS HIGH SCHOOL, ARCHANA BLDG, STATUE, GH ROAD, THRIUVANANTHAPURAM - 695001","city":"THIRUVANANTHAPURAM","district":"TRIVANDRUM","state":"KERALA","bank_code":"CSBK"},{"ifsc":"CSBK0000333","micr":400047015,"address":"SOCIETY OF DIVINE WORD, 510, SVD HOUSE, OPP. NATIONAL COLLEGE, BANDRA WEST.","city":"MUMBAI","district":"GREATER MUMBAI","state":"MAHARASHTRA","bank_code":"CSBK"},{"ifsc":"CSBK0000332","micr":"NA","address":"ST.GEORGE CATHOLIC CHURCH SHOPPING COMPX CHENGAROOR -689 594 PATHANAMTHITTA DT., KERALA","city":"PATHANAMTHITTA","district":"PATHANAMTHITTA","state":"KERALA","bank_code":"CSBK"},{"ifsc":"CSBK0000331","micr":400047014,"address":"ST.FRANCIS ITI, MOUNT POINSUR, BORIVILI WEST, MUMBAI - 400103","city":"MUMBAI","district":"GREATER MUMBAI","state":"MAHARASHTRA","bank_code":"CSBK"},{"ifsc":"CSBK0000330","micr":560047007,"address":"DHARMARAM COLLEGE PO., CHRIST SCHOOL ROAD, BANGALORE - 560029","city":"BANGALORE","district":"BANGALORE URBAN","state":"KARNATAKA","bank_code":"CSBK"},{"ifsc":"CSBK0000329","micr":695047007,"address":"SARVODAYA VIDYALAYA, NALANCHIRA, THIRUVANANTHAPURAM - 695015","city":"NALANCHIRA","district":"TRIVANDRUM","state":"KERALA","bank_code":"CSBK"},{"ifsc":"CSBK0000328","micr":680047015,"address":"ST. ANTONY'S SHOPPING COMPLEX, PARAVATTANI - 680005, THRISSUR DISTRICT","city":"THICHUR","district":"TRISSUR","state":"KERALA","bank_code":"CSBK"},{"ifsc":"CSBK0000327","micr":"NA","address":"VIII/538 B, CHRISTY COMPLEX VYLATHUR, NHAMANANGAD P O TRICHUR - 679 563, KERALA","city":"VYLATHUR","district":"TRISSUR","state":"KERALA","bank_code":"CSBK"},{"ifsc":"CSBK0000326","micr":680047017,"address":"SREE KERALA VARMA COLLEGE, KANATTUKARA, THRISSUR - 680011","city":"THRISSUR","district":"TRISSUR","state":"KERALA","bank_code":"CSBK"},{"ifsc":"CSBK0000325","micr":"NA","address":"ST.JOHNS FORANE CHURCH PARAPPUKKARA - 680 310 TRICHUR DT., KERALA","city":"AMBALLUR","district":"TRISSUR","state":"KERALA","bank_code":"CSBK"},{"ifsc":"CSBK0000324","micr":"NA","address":"ST.JOHNS FORANE CHURCH PREMISES, PARAPPUR P.O., MUTHUVARA TRICHUR -680 552. KERALA.","city":"PARAPPUR","district":"TRISSUR","state":"KERALA","bank_code":"CSBK"},{"ifsc":"CSBK0000323","micr":680047016,"address":"ST. MARY'S ASSUMPTION CHURCH CHURCH SHOPPING COMPLEX, KOTTEKAD - 680013, THRISSUR DISTRICT","city":"KOTTEKKAD","district":"TRISSUR","state":"KERALA","bank_code":"CSBK"},{"ifsc":"CSBK0000322","micr":110047008,"address":"NO.216-A/5, NEAR FR.AGNEL SENIOR SECONDARY SCHOOL, GAUTAM NAGAR, NEW DELHI - 110 049, NEW DELHI","city":"DELHI","district":"NEW DELHI","state":"DELHI","bank_code":"CSBK"},{"ifsc":"CSBK0000321","micr":110047001,"address":"G36, GROUND FLOOR, CONNAUGHT CIRCUS, NEW DELHI - 110001","city":"DELHI","district":"NEW DELHI","state":"DELHI","bank_code":"CSBK"},{"ifsc":"CSBK0000320","micr":600047012,"address":"B13,2ND MAIN ROAD, ANNA NAGAR EAST,CHENNAI 600 012","city":"CHENNAI","district":"CHENNAI","state":"TAMIL NADU","bank_code":"CSBK"},{"ifsc":"CSBK0000318","micr":144047002,"address":"32, G T ROAD, AMARDEEP BUILDING, OPP:NARINDER CINEMA, JALANDHAR CITY - 144 001, PUNJAB","city":"JALANDHAR","district":"JALANDHAR","state":"PUNJAB","bank_code":"CSBK"},{"ifsc":"CSBK0000317","micr":"NA","address":"COURT ROAD, MANJERI - 676121, MALAPPURAM DISTRICT, KERALA","city":"MANJERI","district":"MALAPURAM","state":"KERALA","bank_code":"CSBK"},{"ifsc":"CSBK0000316","micr":110047007,"address":"SCO-4, GROUND FLOOR, SECTOR-14, NEAR PAYAL CINEMA, GURGAON-122 001, HARYANA","city":"GURGAON","district":"GURGAON","state":"HARYANA","bank_code":"CSBK"},{"ifsc":"CSBK0000315","micr":751047002,"address":"NO.45, ASHOK NAGAR, JANPATH, BHUBANESWAR - 751 009, ORISSA","city":"BHUBANESWAR","district":"KHURDA","state":"ODISHA","bank_code":"CSBK"},{"ifsc":"CSBK0000314","micr":"NA","address":"RENATO BUILDING ,FR. MIRANDA ROAD , NEAR GARDEN,MARGAO - 403 601","city":"MARGAO","district":"SOUTH GOA","state":"GOA","bank_code":"CSBK"},{"ifsc":"CSBK0000313","micr":"NA","address":"ROHINI BUILDING, THIRUMALA, TRIVANDRUM -6, KERALA","city":"THIRUVANANTHAPURAM","district":"TRIVANDRUM","state":"KERALA","bank_code":"CSBK"},{"ifsc":"CSBK0000312","micr":302047002,"address":"11, MOTILAL ATAL ROAD, JAIPUR - 302 001, RAJASTHAN","city":"JAIPUR","district":"JAIPUR","state":"RAJASTHAN","bank_code":"CSBK"},{"ifsc":"CSBK0000311","micr":680047014,"address":"ST. ANTONY'S CHURCH BUILDING, P.O. MANNUTHY - 680651, THRISSUR DISTRICT, KERALA","city":"THRISSUR","district":"TRISSUR","state":"KERALA","bank_code":"CSBK"},{"ifsc":"CSBK0000310","micr":"NA","address":"ST. STANISLAUS FORANCE CHURCH BLDG., MALA 680732, THRISSUR DISTRICT","city":"MALA","district":"TRISSUR","state":"KERALA","bank_code":"CSBK"},{"ifsc":"CSBK0000309","micr":680047013,"address":"INFANT JESUS MONASTRY COMPLEX, P.O. THALORE, THRISSUR - 680306","city":"THRISSUR","district":"TRISSUR","state":"KERALA","bank_code":"CSBK"},{"ifsc":"CSBK0000308","micr":686047003,"address":"NOYAPLAZA,KALATHIPADY,VADAVATHOOR PO,686010,KOTTAYAM DT,KERALA,INDIA","city":"KOTTAYAM","district":"KOTTAYAM","state":"KERALA","bank_code":"CSBK"},{"ifsc":"CSBK0000306","micr":641047002,"address":"CSB ZONAL OFFICE PREMISES, 513, DB ROAD, R.S PURAM, COIMBATORE - 641002","city":"COIMBATORE","district":"COIMBOTORE","state":"TAMIL NADU","bank_code":"CSBK"},{"ifsc":"CSBK0000305","micr":600047011,"address":"DOOR NO 32 , 1ST MAIN ROAD,OLYMPIC COLONY.PADI ,CHENNAI 600 050","city":"CHENNAI","district":"CHENNAI","state":"TAMIL NADU","bank_code":"CSBK"},{"ifsc":"CSBK0000304","micr":400047013,"address":"VICTORIA HIGH SCHOOL SITLADEVI TEMPLE RD. MAHIM (W) MUMBAI - 400 016.","city":"MUMBAI","district":"GREATER MUMBAI","state":"MAHARASHTRA","bank_code":"CSBK"},{"ifsc":"CSBK0000303","micr":400047010,"address":"COSMOPOLITAN EDUCATION SOCIETY, VALIA COLLEGE OF COMMERCE AND ARTS, D.N NAGAR, LINK ROAD, ANDHERI WEST","city":"MUMBAI","district":"GREATER MUMBAI","state":"MAHARASHTRA","bank_code":"CSBK"},{"ifsc":"CSBK0000302","micr":"NA","address":"SHOPNO.718 ST.PIUS X SCHOOL STPIUS SHOPPING CENTRE, MMM. RD, NAHUR,MULUND W ,MUMBAI-80","city":"MUMBAI","district":"GREATER MUMBAI","state":"MAHARASHTRA","bank_code":"CSBK"},{"ifsc":"CSBK0000301","micr":400047012,"address":"VILE PARLE BRANCH, NEAR BMC BAZAAR, OPP. PAWAN HOUSE, VILE PARLE (W), MUMBAI - 400 056","city":"MUMBAI","district":"GREATER MUMBAI","state":"MAHARASHTRA","bank_code":"CSBK"},{"ifsc":"CSBK0000300","micr":110047006,"address":"A-2/B, NEELAM BATA ROAD, FARIDABAD - 121 001, HARYANA","city":"FARIDABAD","district":"FARIDABAD","state":"HARYANA","bank_code":"CSBK"},{"ifsc":"CSBK0000299","micr":680047012,"address":"C.M.K. COMPLEX, PALAKKAD MAIN ROAD, EAST FORT, THRISSUR - 680005, KERALA","city":"THRISSUR","district":"TRISSUR","state":"KERALA","bank_code":"CSBK"},{"ifsc":"CSBK0000298","micr":695047008,"address":"ST.MARY'S HIGHER SECONDARY SCHOOL BUILDING, PATTOM, THIRUVANANTHAPURAM-695004, KERALA","city":"THIRUVANANTHAPURAM","district":"TRIVANDRUM","state":"KERALA","bank_code":"CSBK"},{"ifsc":"CSBK0000297","micr":110047005,"address":"C-60, SECTOR-2, NOIDA - 201 301, GAUTHAM BUDH NAGAR(DT.), UTTAR PRADESH","city":"NOIDA","district":"GAUTAM BODDA NAGAR","state":"UTTAR PRADESH","bank_code":"CSBK"},{"ifsc":"CSBK0000296","micr":110047004,"address":"M-17, MARKET, GREATER KAILASH II, NEW DELHI - 110 048, NEW DELHI","city":"DELHI","district":"NEW DELHI","state":"DELHI","bank_code":"CSBK"},{"ifsc":"CSBK0000295","micr":141047002,"address":"GREEN FIELD, NEAR SARABHA NAGAR CHOWK, LUDHIANA - 141 002, PUNJAB","city":"LUDHIANA","district":"LUDHIANA","state":"PUNJAB","bank_code":"CSBK"},{"ifsc":"CSBK0000294","micr":160047002,"address":"SCO-114-115, SECTOR-34A, CHANDIGARH - 160 022, CHANDIGARH (U.T.)","city":"CHANDIGARH","district":"CHANDIGARH","state":"CHANDIGARH","bank_code":"CSBK"},{"ifsc":"CSBK0000293","micr":"NA","address":"DJM BUILDING, MARKET ROAD, ERNAKULAM - 682011","city":"KOCHI","district":"ERNAKULAM","state":"KERALA","bank_code":"CSBK"},{"ifsc":"CSBK0000292","micr":400047009,"address":"OPP. ST JOHN THE BAPTIST H.S., JAMBLINAKA,THANE WEST 400 601","city":"MUMBAI","district":"GREATER MUMBAI","state":"MAHARASHTRA","bank_code":"CSBK"},{"ifsc":"CSBK0000291","micr":400047008,"address":"C-001 ORNAMENT APARTMENT,  EVERSHINE CITY VASAI EADST","city":"VASAI","district":"THANE","state":"MAHARASHTRA","bank_code":"CSBK"},{"ifsc":"CSBK0000290","micr":"NA","address":"MAIN ROAD, KADUNGATHUKUNDU, KALPAKANCHERY - 676551","city":"KALPAKANCHERY","district":"MALAPURAM","state":"KERALA","bank_code":"CSBK"},{"ifsc":"CSBK0000289","micr":682047002,"address":"D.J.M BUILDING, MARKET ROAD,COCHI,682011","city":"KOCHI","district":"ERNAKULAM","state":"KERALA","bank_code":"CSBK"},{"ifsc":"CSBK0000288","micr":682047013,"address":"THAMMANAM RD,PONNURUNNI,KOCHI, P.O.VYTILLA,682019","city":"KALOOR","district":"ERNAKULAM","state":"KERALA","bank_code":"CSBK"},{"ifsc":"CSBK0000286","micr":400047007,"address":"NISHANT II, VAIDYAWADI,RAMBAUG MAIN ROAD, KALYAN 421 301","city":"MUMBAI","district":"GREATER MUMBAI","state":"MAHARASHTRA","bank_code":"CSBK"},{"ifsc":"CSBK0000285","micr":"NA","address":"AYAR AMBROSE RURAL SELF EMPLOYMENT INSTITUTE BLDGS., AVANASHI RD., KARUMATHAMPATTY, COIMBATORE, T N- 641 659","city":"KARUMATHAMPATTY","district":"COIMBOTORE","state":"TAMIL NADU","bank_code":"CSBK"},{"ifsc":"CSBK0000284","micr":560047006,"address":"NO 28-29, Srinidhi Towers,Tumkur Road  NH-4,T Dasarahalli , Bangalore- 560057","city":"DASARAHALLI","district":"BANGALORE URBAN","state":"KARNATAKA","bank_code":"CSBK"},{"ifsc":"CSBK0000283","micr":110047003,"address":"OPP:DEEP CINEMA, ASHOK VIHAR, PHASE -I, DELHI - 110 052, NEW DELHI","city":"DELHI","district":"NEW DELHI","state":"DELHI","bank_code":"CSBK"},{"ifsc":"CSBK0000282","micr":411047002,"address":"26/4, MATCHWEL FACTORY ROAD, RAMWADI, PUNE - 411014","city":"PUNE","district":"PUNE","state":"MAHARASHTRA","bank_code":"CSBK"},{"ifsc":"CSBK0000281","micr":400047001,"address":"SERVICE BR. P.B.NO.925,53 EAST&WEST BLDGMUMBAI SAMACHAR MARG, OPP.MUMBAI STOCK EXCHANGE,FORT MUMBAI-400023, MAHARASHTRA","city":"MUMBAI","district":"GREATER MUMBAI","state":"MAHARASHTRA","bank_code":"CSBK"},{"ifsc":"CSBK0000280","micr":680047001,"address":"PO BOX NO 250, MAIN BRANCH PREMISES, ROUND SOUTH, THRISSUR - 680001","city":"THRISSUR","district":"TRISSUR","state":"KERALA","bank_code":"CSBK"},{"ifsc":"CSBK0000278","micr":641047103,"address":"1ST FLOOR, PRIYADHARSHINI TOWERS, EAST CAR STREET, AVANASHI 641654, COIMBATORE DT., TAMIL NADU","city":"AVANASHI","district":"COIMBOTORE","state":"TAMIL NADU","bank_code":"CSBK"},{"ifsc":"CSBK0000277","micr":400047006,"address":"NO. 20, DAFFODILS, SECTOR -14, VASHI, NAVI MUMBAI -400 703","city":"MUMBAI","district":"GREATER MUMBAI","state":"MAHARASHTRA","bank_code":"CSBK"},{"ifsc":"CSBK0000276","micr":500047003,"address":"1ST FLOOR,DIAMOND TOWERS, S D ROAD, DECUNDERABAD- 500003","city":"SECUNDERABAD CANTONMENT","district":"HYDERABAD URBAN","state":"ANDHRA PRADESH","bank_code":"CSBK"},{"ifsc":"CSBK0000275","micr":680047009,"address":"ST. THOMAS CHURCH SHOPPING COMPLEX, BIG BAZAR, ARANNATTUKARA, THRISSUR - 680618, KERALA","city":"THRISSUR","district":"TRISSUR","state":"KERALA","bank_code":"CSBK"},{"ifsc":"CSBK0000274","micr":"NA","address":"45, FIRST FLOOR , DHALI ROAD,UDUMALPET 642126","city":"UDUMALPET","district":"COIMBOTORE","state":"TAMIL NADU","bank_code":"CSBK"},{"ifsc":"CSBK0000273","micr":600047010,"address":"DOOR NO.64, MOUNT ROAD, GUINDY, CHENNAI - 600032","city":"CHENNAI","district":"CHENNAI","state":"TAMIL NADU","bank_code":"CSBK"},{"ifsc":"CSBK0000272","micr":"NA","address":"KAKKAD-CHEMMAD ROAD, OPP PSMO COLLEGE, TIRURANGADI-676306","city":"MALAPPURAM","district":"MALAPURAM","state":"KERALA","bank_code":"CSBK"},{"ifsc":"CSBK0000271","micr":"NA","address":"77,MAIN ROAD, NEAR BUS STAND GOBICHETTIPALAYAM-638476 TAMILNADU","city":"GOBICHETTIPALAYAM","district":"ERODE","state":"TAMIL NADU","bank_code":"CSBK"},{"ifsc":"CSBK0000270","micr":682047001,"address":"DJM BUILDING, MARKET ROAD, ERNAKULAM.","city":"KOCHI","district":"ERNAKULAM","state":"KERALA","bank_code":"CSBK"},{"ifsc":"CSBK0000269","micr":641047005,"address":"KALPA BUILDING ,LAKSHMIPURAM ,GANAPATHY ,COIMBATORE PIN 641006","city":"COIMBATORE","district":"COIMBOTORE","state":"TAMIL NADU","bank_code":"CSBK"},{"ifsc":"CSBK0000268","micr":"NA","address":"OPP.CITY HOSPITAL, NORTH KOTTACHERY, KANHANGAD-671315 KASARGOD DT., KERALA","city":"KANHANGAD","district":"KASARAGOD","state":"KERALA","bank_code":"CSBK"},{"ifsc":"CSBK0000267","micr":"NA","address":"PANNIVELIL BLDGS,OPP.ITI, KANJIKODE WEST - 678 623","city":"KANJIKODE","district":"PALAKKAD","state":"KERALA","bank_code":"CSBK"},{"ifsc":"CSBK0000266","micr":600047009,"address":"358, M.T.H ROAD, AMBATTUR, CHENNAI - 600053","city":"AMBATTUR","district":"TIRUVALLUR","state":"TAMIL NADU","bank_code":"CSBK"},{"ifsc":"CSBK0000265","micr":"NA","address":"33-33A, WEST CAR STREET, SIVAKASI,VIRUDHANAGAR DT., T N - 626 123","city":"SIVAKASI","district":"VIRUDHUNAGAR","state":"TAMIL NADU","bank_code":"CSBK"},{"ifsc":"CSBK0000264","micr":400047005,"address":"GROUND FLOOR, MARSHALL ANNEX BUILDING, SOORJI VALLABHDAS MARG, BALLARD ESTATE, MUMBAI - 400001","city":"MUMBAI","district":"MUMBAI","state":"MAHARASHTRA","bank_code":"CSBK"},{"ifsc":"CSBK0000263","micr":641047006,"address":"SHIVA COMPLEX, 54 OLD POST OFFICE ROAD COIMBATORE, TAMILNADU PIN-641018","city":"COIMBATORE","district":"COIMBOTORE","state":"TAMIL NADU","bank_code":"CSBK"},{"ifsc":"CSBK0000262","micr":380047002,"address":"P B NO.11042, 1ST FLOOR, SAHAJANAND TRADE CENTRE,  ASHRAM ROAD, PREETAM NAGAR, PALDI, AHMEDABAD 380006","city":"AHMEDABAD","district":"AHMEDABAD","state":"GUJARAT","bank_code":"CSBK"},{"ifsc":"CSBK0000261","micr":"NA","address":"SAMY COMPLEX, FIRST FLOOR, METTUR ROAD, NEAR NEW BUS STAND, BHAVANI-638302 ERODE DT., TAMILNADU","city":"BHAVANI","district":"ERODE","state":"TAMIL NADU","bank_code":"CSBK"},{"ifsc":"CSBK0000260","micr":"NA","address":"K J JOSEPH, PHONE: 04994-222590,EMAIL: KASARGOD@CSB.CO.IN","city":"KASARAGOD","district":"KASARAGOD","state":"KERALA","bank_code":"CSBK"},{"ifsc":"CSBK0000259","micr":600047008,"address":"826,TARAPORE TOWERS,MOUNT ROAD,CHENNAI - 600 002","city":"CHENNAI","district":"CHENNAI","state":"TAMIL NADU","bank_code":"CSBK"},{"ifsc":"CSBK0000258","micr":"NA","address":"CARMEL CENTRE, G.H ROAD, MUNNAR - 685612, IDUKKI DT. KERALA","city":"MUNNAR","district":"IDUKKI","state":"KERALA","bank_code":"CSBK"},{"ifsc":"CSBK0000257","micr":"NA","address":"SASIDHARAN T K, PHONE: 04933-226477,EMAIL: PERINTHALMANNA@CSB.CO.IN","city":"PERINTALMANNA","district":"MALAPURAM","state":"KERALA","bank_code":"CSBK"},{"ifsc":"CSBK0000256","micr":"NA","address":"KEERTHI BUILDING, MAIN ROAD, KALPETTA, WAYANAD - 673 121","city":"KALPETTA","district":"WAYANAD","state":"KERALA","bank_code":"CSBK"},{"ifsc":"CSBK0000255","micr":"NA","address":"DOOR NO.XX 1/356, TEMPLE ROAD, VARKALA. THIRUVANANTHAPURAM DT., KERALA","city":"VARKALA","district":"TRIVANDRUM","state":"KERALA","bank_code":"CSBK"},{"ifsc":"CSBK0000253","micr":"NA","address":"GROUND FLOOR,'HOTEL SUMMIT BLDG,MENEZEZ BRAGANZA RD,NEAR FIDALGO,PANAJI,403001","city":"PANAJI","district":"NORTH GOA","state":"GOA","bank_code":"CSBK"},{"ifsc":"CSBK0000252","micr":682047016,"address":"FIRST FLOOR, RAINA COMPLEX, PREMIER JUNCTION, KALAMASSERY - 683104","city":"KALAMASSERY","district":"ERNAKULAM","state":"KERALA","bank_code":"CSBK"},{"ifsc":"CSBK0000251","micr":673047005,"address":"ALPHONSA BLDG.,MAVOOR RD.,KOZHIKODE 673004","city":"CALICUT","district":"KOZHIKODE","state":"KERALA","bank_code":"CSBK"},{"ifsc":"CSBK0000250","micr":"NA","address":"LEEJOY BUILDINGS, IV/450, KOIPURAM PANCHAYAT,P.O.KUMBANAD-689547 PATHANAMTHITTA DT., KERALA","city":"PATHANAMTHITTA","district":"PATHANAMTHITTA","state":"KERALA","bank_code":"CSBK"},{"ifsc":"CSBK0000249","micr":"NA","address":"TMC BUILDINGS,NEAR RUBBER BOARD REGIONAL OFFICE,KK ROAD,KANJIRAPALLY PO, KOTTAYAM DT.","city":"KOTTAYAM","district":"KOTTAYAM","state":"KERALA","bank_code":"CSBK"},{"ifsc":"CSBK0000248","micr":"NA","address":"KUNNATHUPARAMBIL SHOPPING COMPLEX T K ROAD, THIRUVALLA - 689101 PATHANAMTHITTA DT., KERALA","city":"THIRUVALLA","district":"PATHANAMTHITTA","state":"KERALA","bank_code":"CSBK"},{"ifsc":"CSBK0000247","micr":682047004,"address":"PAVAKULAM CHAMBERS 36/2289 B,AZAD ROAD,KALOOR,KOCHI,682017","city":"KALOOR","district":"ERNAKULAM","state":"KERALA","bank_code":"CSBK"},{"ifsc":"CSBK0000246","micr":"NA","address":"PB NO 7,MULAMOOTTIL BLDG,RANNI,PAZHAVANGADI-689673","city":"RANNI","district":"PATHANAMTHITTA","state":"KERALA","bank_code":"CSBK"},{"ifsc":"CSBK0000245","micr":560047005,"address":"1217, OPP. SHOPPING COMPLEX, NEW TOWN, YELAHANKA, BANGALORE - 560064","city":"YELAHANKA","district":"BANGALORE URBAN","state":"KARNATAKA","bank_code":"CSBK"},{"ifsc":"CSBK0000244","micr":600047007,"address":"7/IA, INDIRA GANDHI ROAD, PALLAVARAM, KANCHEEPURAM DT, CHENNAI - 600 043","city":"PALLAVARAM","district":"KANCHEEPURAM","state":"TAMIL NADU","bank_code":"CSBK"},{"ifsc":"CSBK0000243","micr":"NA","address":"NO.50, MOTILAL STREET, THIRUVALLUR - 602001 TAMIL NADU","city":"TIRUVALLUR","district":"TIRUVALLUR","state":"TAMIL NADU","bank_code":"CSBK"},{"ifsc":"CSBK0000242","micr":"NA","address":"`DOOR NO. 7/191, 1ST FLOOR, NAWAR COMPLEX, HOSPITAL JUNCTION, MANNARKKAD-678582","city":"MANNARKAD","district":"PALAKKAD","state":"KERALA","bank_code":"CSBK"},{"ifsc":"CSBK0000241","micr":"NA","address":"PB NO.25, FIRST FLOOR, SUJANA COMPLEX, KALPETTA - MYSORE ROAD, SULTHAN BATHERY - 673592","city":"SULTHANBATHERY","district":"WAYANAD","state":"KERALA","bank_code":"CSBK"},{"ifsc":"CSBK0000240","micr":395047002,"address":"FIRST FLOOR,DEVANG SHOPPING CENTRE,NEAR PEARL POINT, SURAT-395 007","city":"SURAT","district":"SURAT","state":"GUJARAT","bank_code":"CSBK"},{"ifsc":"CSBK0000239","micr":390047002,"address":"AANGAN TOWER, OPP. BHAVANS SCHOOL, INDIRA GANDHI MARG, BARODA - 390004","city":"VADODARA","district":"GANDHINAGAR","state":"GUJARAT","bank_code":"CSBK"},{"ifsc":"CSBK0000238","micr":"NA","address":"PILMA BUILDING, P.B.NO: 55, A.M ROAD, KOTHAMANGALAM, ERNAKULAM DT. -686691","city":"KOTHAMANGALAM","district":"ERNAKULAM","state":"KERALA","bank_code":"CSBK"},{"ifsc":"CSBK0000237","micr":680047000,"address":"CSB BHAVAN', ST. MARY'S COLLEGE ROAD, THRISSUR - 680020","city":"THRISSUR","district":"TRISSUR","state":"KERALA","bank_code":"CSBK"},{"ifsc":"CSBK0000236","micr":"NA","address":"PB NO 16, DEVASWOM BLDG,OPP PANCHAYAT BUS STAND,KOZHENCHERRY 689641","city":"KOZHENCHERRY","district":"PATHANAMTHITTA","state":"KERALA","bank_code":"CSBK"},{"ifsc":"CSBK0000235","micr":695047006,"address":"MALANKARA BUILDING COMPLEX, PALAYAM, THIRUVANANTHAPURAM - 695034, KERALA","city":"THIRUVANANTHAPURAM","district":"TRIVANDRUM","state":"KERALA","bank_code":"CSBK"},{"ifsc":"CSBK0000234","micr":682047003,"address":"MARKET ROAD, ERNAKULAM, KOCHI - 682011, ERNAKULAM, KERALA","city":"KOCHI","district":"ERNAKULAM","state":"KERALA","bank_code":"CSBK"},{"ifsc":"CSBK0000233","micr":400047004,"address":"ANU APARTMENTS, GOVARDHAN NAGAR,L B S MARG, MULUND WEST 400 082","city":"MUMBAI","district":"GREATER MUMBAI","state":"MAHARASHTRA","bank_code":"CSBK"},{"ifsc":"CSBK0000232","micr":600047001,"address":"826,TARAPORE TOWERS,MOUNT ROAD,CHENNAI - 600 002","city":"CHENNAI","district":"CHENNAI","state":"TAMIL NADU","bank_code":"CSBK"},{"ifsc":"CSBK0000231","micr":680047006,"address":"P.B. NO.502, \"COLLEGE VIEW\", HEAD OFFICE BUILDING, ST. MARY'S COLLEGE ROAD, THRISSUR - 680020, KERALA","city":"THRISSUR","district":"TRISSUR","state":"KERALA","bank_code":"CSBK"},{"ifsc":"CSBK0000230","micr":411047001,"address":"FIRST STERLING CENTRE, OPP. HOTEL ARORA TOWER, M G ROAD, PUNE 411 01","city":"MUMBAI","district":"GREATER MUMBAI","state":"MAHARASHTRA","bank_code":"CSBK"},{"ifsc":"CSBK0000229","micr":"NA","address":"PLOT NO.7., SUPER MARKET, P.B. NO. 33, GULBARGA, KARNATAKA- 585 101","city":"GULBARGA","district":"GULBERGA","state":"KARNATAKA","bank_code":"CSBK"},{"ifsc":"CSBK0000228","micr":605047001,"address":"DOOR NO. 474/476/478 M G ROAD PONDICHERRY - 605 001","city":"PONDICHERRY","district":"PONDICHERRY","state":"PUDUCHERRY","bank_code":"CSBK"},{"ifsc":"CSBK0000227","micr":680047004,"address":"P.B. NO. 805, M.G. ROAD, WEST FORT, THRISSUR - 680004, KERALA","city":"THRISSUR","district":"TRISSUR","state":"KERALA","bank_code":"CSBK"},{"ifsc":"CSBK0000226","micr":"NA","address":"PARAKKUDIYIL BUILDINGS, DOOR NO.726, P.O.NELLAD - 686721 ERNAKULAM DT., KERALA","city":"MUVATTUPUZHA","district":"ERNAKULAM","state":"KERALA","bank_code":"CSBK"},{"ifsc":"CSBK0000225","micr":"NA","address":"II/248, AVANOOR - 680547, (VIA) MUNDUR, THRISSUR DISTRICT","city":"THRISSUR","district":"TRISSUR","state":"KERALA","bank_code":"CSBK"},{"ifsc":"CSBK0000224","micr":"NA","address":"VAKKAYIL COMPLEX, MAMMIYOOR JUNCTION, P.O. GURUVAYUR, THRISSUR - 680101, KERALA","city":"GURUVAYUR","district":"TRISSUR","state":"KERALA","bank_code":"CSBK"},{"ifsc":"CSBK0000223","micr":600047006,"address":"826,TARAPORE TOWERS,MOUNT ROAD,CHENNAI - 600 002","city":"CHENNAI","district":"CHENNAI","state":"TAMIL NADU","bank_code":"CSBK"},{"ifsc":"CSBK0000222","micr":575047002,"address":"I FLOOR, KUNIL CENTRE, DR. U P MALAYA ROAD,HAMPANKETTA, MANGALORE-575001","city":"MANGALORE","district":"DAKSHINA KANNADA","state":"KARNATAKA","bank_code":"CSBK"},{"ifsc":"CSBK0000221","micr":"NA","address":"PB NO 23, FIRST FLOOR, STADIUM ROAD, RAJAMUNDRY, EAST GODAVARY - 533101","city":"RAJAHMUNDRY","district":"EAST GODAVARI","state":"ANDHRA PRADESH","bank_code":"CSBK"},{"ifsc":"CSBK0000220","micr":"NA","address":"P.O.CHENAPPADY VIA KANJIRAPALLY-686525 KOTTAYAM DT., KERALA","city":"KANJIRAPPALLY","district":"KOTTAYAM","state":"KERALA","bank_code":"CSBK"},{"ifsc":"CSBK0000219","micr":"NA","address":"PB NO 57, P.P ROAD, 22/2/23, PRAKASAM CHOWK, BHIMAVARAM - 534201, WEST GODAVARI DT, ANDHRA PRADESH","city":"BHIMAVARAM","district":"WEST GODAVARI","state":"ANDHRA PRADESH","bank_code":"CSBK"},{"ifsc":"CSBK0000218","micr":600047005,"address":"NO.18,V.S.S.M BUILDING,ROYAPETTAH ROAD,CHENNAI - 600 014","city":"CHENNAI","district":"CHENNAI","state":"TAMIL NADU","bank_code":"CSBK"},{"ifsc":"CSBK0000217","micr":"NA","address":"K.P.W.10,KANAKKARY P O,KOTTAYAM DT,686632","city":"KOTTAYAM","district":"KOTTAYAM","state":"KERALA","bank_code":"CSBK"},{"ifsc":"CSBK0000216","micr":"NA","address":"5/432, MAIN ROAD, P.O. R.V.P PUDUR, PIN- 678555 PALAKKAD DT., KERALA","city":"ERUTHEMPATHY","district":"PALAKKAD","state":"KERALA","bank_code":"CSBK"},{"ifsc":"CSBK0000215","micr":"NA","address":"VAYANASALA JUNCTION, P.O.VALLICODE PIN-689659, PATHANAMTHITTA DT., KERALA","city":"VALLICODE","district":"PATHANAMTHITTA","state":"KERALA","bank_code":"CSBK"},{"ifsc":"CSBK0000214","micr":"NA","address":"THEKKADA P.O.VEMBAYAM - 695615 THIRUVANATHAPURAM DT., KERALA","city":"VEMBAYAM","district":"TRIVANDRUM","state":"KERALA","bank_code":"CSBK"},{"ifsc":"CSBK0000213","micr":580047002,"address":"FIRST FLOOR LAKSHMI - BALAKRISHNA SQUARE STATION ROAD DHARWAD DT. HUBLI, KARNATAKA- 580 020","city":"HUBLI-DHARWAD","district":"DHARWAD","state":"KARNATAKA","bank_code":"CSBK"},{"ifsc":"CSBK0000212","micr":"NA","address":"104,ESAT MAIN STREET ,THANJAVUR , TAMILNADU PIN 613001","city":"THANJAVUR","district":"THANJAVUR","state":"TAMIL NADU","bank_code":"CSBK"},{"ifsc":"CSBK0000211","micr":700047002,"address":"FIRST FLOOR, PODDAR COURT, 18, RABINDRA SARANI, KOLKATA 700001","city":"KOLKATA","district":"KOLKATA","state":"WEST BENGAL","bank_code":"CSBK"},{"ifsc":"CSBK0000210","micr":"NA","address":"PB NO 3, SUBEDARPET ROAD, NELLORE - 524001, ANDHRA PRADESH","city":"NELLORE","district":"NELLORE","state":"ANDHRA PRADESH","bank_code":"CSBK"},{"ifsc":"CSBK0000209","micr":641047102,"address":"SEETHA ARCADE , KUMARAN ROAD , TIRUPUR , COIMBATORE 641601","city":"TIRUPUR","district":"COIMBOTORE","state":"TAMIL NADU","bank_code":"CSBK"},{"ifsc":"CSBK0000208","micr":560047004,"address":"FIRST MAIN ROAD, GANDHI NAGAR, BANGALORE CITY - 560009","city":"BANGALORE","district":"BANGALORE URBAN","state":"KARNATAKA","bank_code":"CSBK"},{"ifsc":"CSBK0000207","micr":520047102,"address":"MAIN ROAD, ARUNDALPET, GUNTUR - 522002","city":"GUNTUR","district":"GUNTUR","state":"ANDHRA PRADESH","bank_code":"CSBK"},{"ifsc":"CSBK0000206","micr":520047001,"address":"USHA ESTATES, DOOR NO 27.13.28, GOPALAREDDY ROAD, GOVERNPOST, VIJAYAWADA - 520002","city":"VIJAYAWADA","district":"KRISHNA","state":"ANDHRA PRADESH","bank_code":"CSBK"},{"ifsc":"CSBK0000205","micr":110047002,"address":"G-36 CONNAUGHT CIRCUS,NEW DELHI - 110 001, NEW DELHI","city":"DELHI","district":"NEW DELHI","state":"DELHI","bank_code":"CSBK"},{"ifsc":"CSBK0000204","micr":"NA","address":"PB NO 5, SILVER TOWER, D.NO 9/2, OPP CLOCK TOWER, ASHOKA ROAD, MYSORE - 570001","city":"MYSORE","district":"MYSORE","state":"KARNATAKA","bank_code":"CSBK"},{"ifsc":"CSBK0000203","micr":"NA","address":"ISHANOPUS,IST FLR,P.B.NO 533,CONGRESS RD,TILAKWADI,BELGAUM,590006","city":"BELGAUM","district":"BELGAUM","state":"KARNATAKA","bank_code":"CSBK"},{"ifsc":"CSBK0000202","micr":"NA","address":"P.B.NO.2, MAIN ROAD, MAKKARAPARAMBA - 676507 MALAPPURAM DT., KERALA","city":"MALAPPURAM","district":"MALAPURAM","state":"KERALA","bank_code":"CSBK"},{"ifsc":"CSBK0000201","micr":500047002,"address":"D/NO.5-9-241-244,FIRST FLOOR , OPP. GRAMMAR SCHOOL,ABID ROAD,HYDERABAD - 500 001","city":"HYDERABAD","district":"HYDERABAD URBAN","state":"ANDHRA PRADESH","bank_code":"CSBK"},{"ifsc":"CSBK0000200","micr":"NA","address":"80/2 , IDA SCUDDER ROAD , OPP CMS , VELLORE 632004","city":"VELLORE","district":"VELLORE","state":"TAMIL NADU","bank_code":"CSBK"},{"ifsc":"CSBK0000199","micr":"NA","address":"5/90, DHARMAPURI MAIN ROAD KOVIL, VELLAR-636451 SALEM DT., TAMIL NADU","city":"VELLAR","district":"SALEM","state":"TAMIL NADU","bank_code":"CSBK"},{"ifsc":"CSBK0000198","micr":600047003,"address":"49,GOKULAM BLDG,ARCOT ROAD,KODAMBAKKOM-600 024","city":"CHENNAI","district":"CHENNAI","state":"TAMIL NADU","bank_code":"CSBK"},{"ifsc":"CSBK0000197","micr":"NA","address":"P.B. NO. 13, THRIPRAYAR JUNCTION, P.O. NATTIKA, THRISSUR - 680566, KERALA","city":"TRIPRAYAR","district":"TRISSUR","state":"KERALA","bank_code":"CSBK"},{"ifsc":"CSBK0000196","micr":"NA","address":"MAIN ROAD, AMMAPALAYAM-621 101 PERAMBALUR DT., TAMIL NADU","city":"PERAMBALUR","district":"PERAMBALUR","state":"TAMIL NADU","bank_code":"CSBK"},{"ifsc":"CSBK0000195","micr":"NA","address":"SANJEEVI COMPLEX, CHANDAPETTAI, PANAMARATHUPATTI-636204, SALEM DT.","city":"PANAMARATHUPATTI","district":"SALEM","state":"TAMIL NADU","bank_code":"CSBK"},{"ifsc":"CSBK0000194","micr":"NA","address":"P.O. ANTHIKAD, ANTHIKAD - 680641, THRISSUR DISTRICT","city":"ANTHIKAD","district":"TRISSUR","state":"KERALA","bank_code":"CSBK"},{"ifsc":"CSBK0000193","micr":"NA","address":"VIA THODUPUZHA VANNAPPURAM-685582, THOPPIL BUILDING, IDUKKI DT., KERALA","city":"THODUPUZHA","district":"IDUKKI","state":"KERALA","bank_code":"CSBK"},{"ifsc":"CSBK0000192","micr":"NA","address":"K.S.JACOB BUILDING P.O.THATTAYIL - 691525 PATHANAMTHITTA DT., KERALA","city":"PATHANAMTHITTA","district":"PATHANAMTHITTA","state":"KERALA","bank_code":"CSBK"},{"ifsc":"CSBK0000191","micr":"NA","address":"VIA, EDAYARANMULA,MALAKKARA-689 532,PATHANAMTHITTA DIST, KERALA","city":"PATHANAMTHITTA","district":"PATHANAMTHITTA","state":"KERALA","bank_code":"CSBK"},{"ifsc":"CSBK0000190","micr":"NA","address":"PALLATH MADAM BUILDINGS PRAVUMKOOD JN., MAZHUKEER,P.O.KALLISSERY PIN-689124, ALAPPUZHA DT., KERALA","city":"ALAPPUZHA","district":"ALAPUZZHA","state":"KERALA","bank_code":"CSBK"},{"ifsc":"CSBK0000189","micr":"NA","address":"RAJ COMPLEX, KOMBODINJAMAKKAL, P.O. THAZHEKAD - 680697","city":"KOMBODINJAMAKKAL","district":"TRISSUR","state":"KERALA","bank_code":"CSBK"},{"ifsc":"CSBK0000188","micr":"NA","address":"ROSE TOWERS, MAIN ROAD, THIKKOTI - 673529","city":"THIKKOTI","district":"KOZHIKODE","state":"KERALA","bank_code":"CSBK"},{"ifsc":"CSBK0000187","micr":"NA","address":"P.B.NO.1, CHORODE 673106, BADAGARA, KOZHIKODE DT., KERALA","city":"VADAKARA","district":"KOZHIKODE","state":"KERALA","bank_code":"CSBK"},{"ifsc":"CSBK0000186","micr":682047005,"address":"DOOR NO. XXX/IV, GCDA BUILDING, GIRINAGAR NORTH ,COCHI,682020","city":"KOCHI","district":"ERNAKULAM","state":"KERALA","bank_code":"CSBK"},{"ifsc":"CSBK0000185","micr":680047003,"address":"DOOR NO. XXV/46, P.B. NO. 132, M.O. ROAD, THRISSUR - 680001, KERALA","city":"THRISSUR","district":"TRISSUR","state":"KERALA","bank_code":"CSBK"},{"ifsc":"CSBK0000184","micr":"NA","address":"38-A, SUNDER LODGE BUILDING,GROUND FLOOR KRISHNAGIRI ROAD, TIRUPATTUR - 635601 NORTH ARCOT DT., TAMIL NADU","city":"TIRUPATTUR","district":"VELLORE","state":"TAMIL NADU","bank_code":"CSBK"},{"ifsc":"CSBK0000183","micr":"NA","address":"MANUEL TOWERS, 52/B EAST CAR STREET, TUTICORIN-628002 TAMIL NADU","city":"TUTICORIN","district":"THOOTHKUDI","state":"TAMIL NADU","bank_code":"CSBK"},{"ifsc":"CSBK0000182","micr":"NA","address":"VALUPARAMBIL BUILDING,NALUKODY-686548,KOTTAYAM DT,KERALA.","city":"CHANGANASSERY","district":"KOTTAYAM","state":"KERALA","bank_code":"CSBK"},{"ifsc":"CSBK0000181","micr":"NA","address":"NARAYANA BUILDING KOOVAPALLY-686518 KOTTAYAM DT., KERALA","city":"KOOVAPALLY","district":"KOTTAYAM","state":"KERALA","bank_code":"CSBK"},{"ifsc":"CSBK0000180","micr":"NA","address":"THAYYIL SHOPPING COMPLEX, 1ST FLOOR, AVJ JUNCTION., MAVELIKARA - 690101 ALAPPUZHA DT., KERALA","city":"MAVELIKKARA","district":"ALAPUZZHA","state":"KERALA","bank_code":"CSBK"},{"ifsc":"CSBK0000179","micr":695047009,"address":"PLACKAL TOWER, KP 2/876, NH BYE PASS, PO. KAZHAKUTTOM, THIRUVANANTHAPURAM - 695582","city":"KAZHAKUTTAM","district":"TRIVANDRUM","state":"KERALA","bank_code":"CSBK"},{"ifsc":"CSBK0000178","micr":"NA","address":"VII/350, 1ST FLOOR, HOSPITAL ROAD VAIKOM KOTTAYAM DT KERALA - 686 141","city":"VAIKOM","district":"KOTTAYAM","state":"KERALA","bank_code":"CSBK"},{"ifsc":"CSBK0000177","micr":400047002,"address":"MARSHALL BLDG ANNEX,SOORJI VALLABHDAS MARG, BALLARD ESTATE,MUMBAI - 400 038, MAHARASHTRA","city":"MUMBAI","district":"GREATER MUMBAI","state":"MAHARASHTRA","bank_code":"CSBK"},{"ifsc":"CSBK0000176","micr":685047002,"address":"JYOTHI SUPER BAZAR, THODUPUZHA, IDUKKI DISTRICT","city":"THODUPUZHA","district":"IDUKKI","state":"KERALA","bank_code":"CSBK"},{"ifsc":"CSBK0000175","micr":"NA","address":"NO. 27, NISHA COMPLEX PALANI ROAD DINDIGUL - 624 001","city":"DINDIGUL","district":"DINDIGUL","state":"TAMIL NADU","bank_code":"CSBK"},{"ifsc":"CSBK0000174","micr":695047007,"address":"RAJEEVAM SHOPPING COMPLEX, UP XIV/716, MANNANTHALA PO, THIRUVANANTHAPURAM - 695015","city":"MANNANTHALA","district":"TRIVANDRUM","state":"KERALA","bank_code":"CSBK"},{"ifsc":"CSBK0000173","micr":"NA","address":"DOOR NO. V/36A, MULLURKARA - 680583, THRISSUR DISTRICT","city":"MULLURKKARA","district":"TRISSUR","state":"KERALA","bank_code":"CSBK"},{"ifsc":"CSBK0000172","micr":"NA","address":"CITY CENTRE, GURUVAYUR ROAD, KOOTTANAD  679533","city":"KOOTTANAD","district":"PALAKKAD","state":"KERALA","bank_code":"CSBK"},{"ifsc":"CSBK0000171","micr":"NA","address":"KADUTHURUTHY ELANJI ROAD NEEZHOOR - 686612 KOTTAYAM DT., KERALA","city":"NEEZHOOR","district":"KOTTAYAM","state":"KERALA","bank_code":"CSBK"},{"ifsc":"CSBK0000170","micr":"NA","address":"VADAKEDATH BUILDING, KULATHUNGAL KAVALA PUNNAVELI - 689589, P.O.PUNNAVELI, PATHANAMTHITTA DT., KERALA","city":"PATHANAMTHITTA","district":"PATHANAMTHITTA","state":"KERALA","bank_code":"CSBK"},{"ifsc":"CSBK0000169","micr":"NA","address":"ST. MARY'S SHOPPING COMPLEX, ARIPALAM - 680688, THRISSUR DISTRICT, KERALA","city":"IRINJALAKUDA","district":"TRISSUR","state":"KERALA","bank_code":"CSBK"},{"ifsc":"CSBK0000168","micr":"NA","address":"KESAVAPILLAI, E-MAIL : PUNALUR@CSB.CO.IN, PHONE: 0475 2222349","city":"PUNALUR","district":"KOLLAM","state":"KERALA","bank_code":"CSBK"},{"ifsc":"CSBK0000167","micr":"NA","address":"DOOR NO. IV/254F, KOORAN'S AVENUE,ANGAMALY 683572, ERNAKULAM DIST","city":"ANGAMALY","district":"ERNAKULAM","state":"KERALA","bank_code":"CSBK"},{"ifsc":"CSBK0000166","micr":"NA","address":"P.B.NO.5, KALAPURAYIL BUILDING, P.O.KADUTHURUTHY, KOTTAYAM DT.- 686604","city":"KADUTHURUTHY","district":"KOTTAYAM","state":"KERALA","bank_code":"CSBK"},{"ifsc":"CSBK0000165","micr":"NA","address":"THELLERETH PLAZA,K P ROAD,PATHANAMTHITTA-689645,KERALA","city":"PATHANAMTHITTA","district":"PATHANAMTHITTA","state":"KERALA","bank_code":"CSBK"},{"ifsc":"CSBK0000164","micr":"NA","address":"SANKARATHIL BUILDING, M.C.ROAD P.B.NO.3, PANDALAM - 689501 PATHANAMTHITTA DT., KERALA","city":"PANDALAM","district":"PATHANAMTHITTA","state":"KERALA","bank_code":"CSBK"},{"ifsc":"CSBK0000163","micr":"NA","address":"XIV/144A, K.O.PHILIP & CO.BUILDING CHENGANNUR-689121 ALAPUZHA DT., KERALA","city":"CHENGANNUR","district":"ALAPUZZHA","state":"KERALA","bank_code":"CSBK"},{"ifsc":"CSBK0000162","micr":682047017,"address":"JOSE VALOORAN,E-MAIL:NORTHPARAVUR@CSB.CO.IN  TELEPHONE 04842442204","city":"PARAVUR","district":"ERNAKULAM","state":"KERALA","bank_code":"CSBK"},{"ifsc":"CSBK0000161","micr":700047003,"address":"BURRA BAZAR, 48, SIR HARIRAM GOENKA STREET, KOLKATA - 700007","city":"KOLKATA","district":"KOLKATA","state":"WEST BENGAL","bank_code":"CSBK"},{"ifsc":"CSBK0000160","micr":"NA","address":"VILABHAGOM, P.O.NEDUNGANDA-695307 VIA.KADAKKAVUR THIRUVANANTHAPURAM DT., KERALA","city":"VILABHAGOM","district":"TRIVANDRUM","state":"KERALA","bank_code":"CSBK"},{"ifsc":"CSBK0000159","micr":"NA","address":"PUTHUSSERY SOUTH - 689602 VIA.KALLOOPARA, THIRUVALLA PATHANAMTHITTA DT., KERALA","city":"THIRUVALLA","district":"PATHANAMTHITTA","state":"KERALA","bank_code":"CSBK"},{"ifsc":"CSBK0000158","micr":"NA","address":"OONNIMOODU JUNCTION P.O.ELAKAMON-695310 AYIROOR-VARKALA, TRIVANDRUM DT., KERALA","city":"AYIROOR","district":"TRIVANDRUM","state":"KERALA","bank_code":"CSBK"},{"ifsc":"CSBK0000157","micr":"NA","address":"MMC500-WARD NO.14,POOTHIYOT BUILDING,THATTARAMBALAM,690103.","city":"MAVELIKKARA","district":"ALAPUZZHA","state":"KERALA","bank_code":"CSBK"},{"ifsc":"CSBK0000156","micr":"NA","address":"P.B.NO.27, PERUMBAVOOR - 683542 ERNAKULAM DT., KERALA","city":"PERUMBAVOOR","district":"ERNAKULAM","state":"KERALA","bank_code":"CSBK"},{"ifsc":"CSBK0000155","micr":"NA","address":"P.B.NO.10, M.C.ROAD, KOOTHATTUKULAM-686662","city":"KOOTHATTUKULAM","district":"ERNAKULAM","state":"KERALA","bank_code":"CSBK"},{"ifsc":"CSBK0000154","micr":"NA","address":"VETTOOR HOUSE,M C ROAD,ETTUMANOOR,686631,KOTTAYAM DT,KERALA,INDIA","city":"ETTUMANOOR","district":"KOTTAYAM","state":"KERALA","bank_code":"CSBK"},{"ifsc":"CSBK0000153","micr":"NA","address":"MATTATHIL BUILDINGS,OPP.OLD PRIVATE BUS STAND,PALA,686575","city":"PALAI","district":"KOTTAYAM","state":"KERALA","bank_code":"CSBK"},{"ifsc":"CSBK0000152","micr":680047011,"address":"P. O. PUZHAKKAL, MUTHUVARA - 680553, THRISSUR DISTRICT","city":"MUTHUVARA","district":"TRISSUR","state":"KERALA","bank_code":"CSBK"},{"ifsc":"CSBK0000151","micr":"NA","address":"NISHI BUILDINGS, P.O.CHERIYANAD-689511 ALAPUZHA DT., KERALA","city":"CHERIANAD","district":"ALAPUZZHA","state":"KERALA","bank_code":"CSBK"},{"ifsc":"CSBK0000150","micr":"NA","address":"DOOR NO. 11/369, P. O. MUNDATHIKODE - 680595, THRISSUR DISTRICT","city":"MUNDATHICODE","district":"TRISSUR","state":"KERALA","bank_code":"CSBK"},{"ifsc":"CSBK0000149","micr":"NA","address":"FIRST FLOOR, FATHIMA TOWER, PO MANGALAM - 676561","city":"MANGALAM","district":"MALAPURAM","state":"KERALA","bank_code":"CSBK"},{"ifsc":"CSBK0000148","micr":"NA","address":"MANJADIKUTTIYIL BUILDINGS, CHOONAD, P.O.ELIPPAKULAM-690503,VIA PALLIKKAL, ALAPUZHA DT., KERLALA","city":"CHOONAD","district":"ALAPUZZHA","state":"KERALA","bank_code":"CSBK"},{"ifsc":"CSBK0000147","micr":"NA","address":"KARTHIKA BUILDINGS, KALLUMALA P.O.MAVELIKARA-690101 ALAPPUZHA DT., KERALA","city":"KALLUMALA","district":"ALAPUZZHA","state":"KERALA","bank_code":"CSBK"},{"ifsc":"CSBK0000146","micr":"NA","address":"K S PURAM P O,NATIONAL HIGHWAY, KARUNAGAPALLY----690544","city":"PUTHIYAKAVU","district":"KOLLAM","state":"KERALA","bank_code":"CSBK"},{"ifsc":"CSBK0000145","micr":"NA","address":"PAULY THOMAS V, PHONE:04922-234249, EMAIL: PALLAVUR@CSB.CO.IN","city":"PALLAVUR","district":"PALAKKAD","state":"KERALA","bank_code":"CSBK"},{"ifsc":"CSBK0000144","micr":"NA","address":"DECENT JUNCTION, P.O MUKATHALA - 691577 KOLLAM DT KERALA","city":"MUKATHALA","district":"KOLLAM","state":"KERALA","bank_code":"CSBK"},{"ifsc":"CSBK0000143","micr":"NA","address":"P B NO.105, MANNA, P O TALIPARAMBA - 670 141","city":"TALIPARAMBA","district":"KANNUR","state":"KERALA","bank_code":"CSBK"},{"ifsc":"CSBK0000142","micr":"NA","address":"II/344,THOYAKKAVU-MULLASSERY RD,THOYAKKAVU, THRISSUR DISTRICT, 680513","city":"THOYAKKAVU","district":"TRISSUR","state":"KERALA","bank_code":"CSBK"},{"ifsc":"CSBK0000141","micr":"NA","address":"P.B.NO.178, NO.1, CNS PLAZA NEAR BUS STAND, CNA ROAD, VANIYAMBADI-635751VELLORE DT.,TAMIL NADU","city":"VANIYAMBADI","district":"VELLORE","state":"TAMIL NADU","bank_code":"CSBK"},{"ifsc":"CSBK0000140","micr":"NA","address":"POOCHINNI PADAM, P.O.URAKAM,680562","city":"POOCHINNI PADAM","district":"TRISSUR","state":"KERALA","bank_code":"CSBK"},{"ifsc":"CSBK0000139","micr":"NA","address":"P.B.NO.1, PAMPAVALY ROAD, MUKKOOTTUTHARA - 686510 KOTTAYAM DT., KERALA","city":"KOTTAYAM","district":"KOTTAYAM","state":"KERALA","bank_code":"CSBK"},{"ifsc":"CSBK0000138","micr":682047007,"address":"CC-40/9668 A-3 EMGEE SQUARE GROUND FLOOR, M G ROAD ERNAKULAM KOCHI - 682 035","city":"KOCHI","district":"ERNAKULAM","state":"KERALA","bank_code":"CSBK"},{"ifsc":"CSBK0000137","micr":682047009,"address":"NGO QUARTERS JN, PO TRIKAKKARA, KOCHI - 682021","city":"KAKKANAD","district":"ERNAKULAM","state":"KERALA","bank_code":"CSBK"},{"ifsc":"CSBK0000136","micr":682047018,"address":"KOTTAPURAM JN,ALENGAD P O,ERNAKULAM DIST PIN-683511","city":"ALENGAD","district":"ERNAKULAM","state":"KERALA","bank_code":"CSBK"},{"ifsc":"CSBK0000135","micr":"NA","address":"PERINNANAM, THRISSUR - 680686","city":"PERINGANAM","district":"TRISSUR","state":"KERALA","bank_code":"CSBK"},{"ifsc":"CSBK0000134","micr":"NA","address":"KEYAR BUILDINGS, PERUMBA, P O PAYYANNUR - 670307.","city":"CANNUR","district":"KANNUR","state":"KERALA","bank_code":"CSBK"},{"ifsc":"CSBK0000133","micr":"NA","address":"THURAVOOR P.O., ANGAMALLY VIA, ERNAKULAM-683586 KERALA","city":"THURAVOOR","district":"ERNAKULAM","state":"KERALA","bank_code":"CSBK"},{"ifsc":"CSBK0000132","micr":"NA","address":"PAULSON K.M, PHONE: 0484 2518261","city":"CHENNAMANGALAM","district":"ERNAKULAM","state":"KERALA","bank_code":"CSBK"},{"ifsc":"CSBK0000131","micr":"NA","address":"NO:4, DENNISON STREET, NAGERCOIL-629001","city":"NAGERCOIL","district":"KANNIYAKUMARI","state":"TAMIL NADU","bank_code":"CSBK"},{"ifsc":"CSBK0000130","micr":"NA","address":"VIA KODAKARA, P.O. PERAMBRA - 680689, THRISSUR DISTRICT","city":"CHALAKUDY","district":"TRISSUR","state":"KERALA","bank_code":"CSBK"},{"ifsc":"CSBK0000129","micr":"NA","address":"HAYADARIA BUILDING, P.O. THALIKULAM, THRISSUR - 680569, KERALA","city":"THRISSUR","district":"TRISSUR","state":"KERALA","bank_code":"CSBK"},{"ifsc":"CSBK0000128","micr":695047004,"address":"PALLIMUKKU,VANCHYOOR P O, TRIVANDRUM","city":"THIRUVANANTHAPURAM","district":"TRIVANDRUM","state":"KERALA","bank_code":"CSBK"},{"ifsc":"CSBK0000127","micr":673047004,"address":"NEW DEVAGIRI BLDG,MEDICAL COLLEGE P O,KOVOOR,KOZHIKODE-673008MR","city":"CALICUT","district":"KOZHIKODE","state":"KERALA","bank_code":"CSBK"},{"ifsc":"CSBK0000126","micr":"NA","address":"ST.JOSEPH'S CHURCH BUILDING, THANIPUZHA, P.O.OKKAL, PIN- 683 550","city":"OKKAL","district":"ERNAKULAM","state":"KERALA","bank_code":"CSBK"},{"ifsc":"CSBK0000125","micr":682047021,"address":"SHEELA M JOSE, E-MAIL : SOUTHVAZHAKULAM@CSB.CO.IN, PHONE: 0484 2677158","city":"VAZHAKULAM","district":"ERNAKULAM","state":"KERALA","bank_code":"CSBK"},{"ifsc":"CSBK0000124","micr":"NA","address":"142/A-9, THADIYAPILLIL BLDGS ATHANIKAL JN., P.O.MANNATHUR-686723 VIA.MUVATTUPUZHA, EKM DT., KERALA","city":"MANNATHOOR","district":"ERNAKULAM","state":"KERALA","bank_code":"CSBK"},{"ifsc":"CSBK0000123","micr":641047003,"address":"P.B. NO. 2929,IST FLOOR SREE GANESHA COMPLEX, NO 12 10TH STREET GANDHIPURAM COIMBATORE-641 012 TAMILNADU","city":"COIMBATORE","district":"COIMBOTORE","state":"TAMIL NADU","bank_code":"CSBK"},{"ifsc":"CSBK0000122","micr":"NA","address":"ANTONY CHEVOOKARAN, E-MAIL : EDAKKUNNU@CSB.CO.IN, PHONE: 0484 2451533","city":"EDAKKUNNU","district":"ERNAKULAM","state":"KERALA","bank_code":"CSBK"},{"ifsc":"CSBK0000121","micr":"NA","address":"79 WEST TOWER STREET, MADURAI 625001","city":"MADURAI","district":"MADURAI","state":"TAMIL NADU","bank_code":"CSBK"},{"ifsc":"CSBK0000120","micr":682047020,"address":"BABY LUCKOSE, E-MAIL : PALLIPURAM@CSB.CO.IN, PHONE: 0484 2488011","city":"PALLIPPURAM","district":"ERNAKULAM","state":"KERALA","bank_code":"CSBK"},{"ifsc":"CSBK0000119","micr":"NA","address":"TRIPLE COMPLEX, NH -17, P.O PANANGAD - 680665, THRISSUR DISTRICT","city":"SREENARAYANAPURAM","district":"TRISSUR","state":"KERALA","bank_code":"CSBK"},{"ifsc":"CSBK0000118","micr":"NA","address":"P.B.NO.502, P.O.EDAVA MAS BUILDING, PIN-695311 THIRUVANATHAPURAM DT., KERALA","city":"EDAVA","district":"TRIVANDRUM","state":"KERALA","bank_code":"CSBK"},{"ifsc":"CSBK0000117","micr":620047002,"address":"NEW NO 8, OLD NO 56, ST.ANNES BLDG, MADURAI ROAD, MELAPPUDUR, PB NO. 149, THIRUCHIRAPALLI - 620001","city":"TIRUCHIRAPPALLI","district":"TIRUCHIORAPPALLI","state":"TAMIL NADU","bank_code":"CSBK"},{"ifsc":"CSBK0000116","micr":"NA","address":"VIVIKA CHANDRIKA SABHA BUILDINGS, 1ST FLOOR,PUTHENVELIKKARA,P.O.PUTHENVEL PIN-683594, ERNAKULAM DT., KERALA","city":"PUTHENVELIKKARA","district":"ERNAKULAM","state":"KERALA","bank_code":"CSBK"},{"ifsc":"CSBK0000115","micr":"NA","address":"KULAPPULLY JUNCTION, SHORANUR - 679122","city":"SHORANUR","district":"PALAKKAD","state":"KERALA","bank_code":"CSBK"},{"ifsc":"CSBK0000114","micr":"NA","address":"THURUTHIPURAM P.O.MOOTHAKUNNAM - 683516 ERNAKULAM DT., KERALA","city":"THURUTHIPURAM","district":"ERNAKULAM","state":"KERALA","bank_code":"CSBK"},{"ifsc":"CSBK0000113","micr":678047002,"address":"IMPERIAL BUILDINGS, T B ROAD, PALAKKAD - 678014","city":"PALAKKAD","district":"PALAKKAD","state":"KERALA","bank_code":"CSBK"},{"ifsc":"CSBK0000112","micr":682047006,"address":"ST.ANTONY'S SHRINE.HOLY TUESDAY SHOPPING MALL. KALOOR.COCHIN682017","city":"KOCHI","district":"ERNAKULAM","state":"KERALA","bank_code":"CSBK"},{"ifsc":"CSBK0000111","micr":"NA","address":"P B NO.7,ADOOR-691 523,PATHANAMTHITTA DIST, KERALA","city":"ADOOR","district":"PATHANAMTHITTA","state":"KERALA","bank_code":"CSBK"},{"ifsc":"CSBK0000110","micr":"NA","address":"SHEEBA BLDG,PULAMON JUNCTION,KOTTARAKKARA,-691531,KOLLAM DT. KERALA","city":"KOTTARAKKARA","district":"KOLLAM","state":"KERALA","bank_code":"CSBK"},{"ifsc":"CSBK0000109","micr":"NA","address":"P.O.CHUNGATHARA, NILAMBUR TALUK, MALAPPURAM DT  679334","city":"CHUNGATHARA","district":"MALAPURAM","state":"KERALA","bank_code":"CSBK"},{"ifsc":"CSBK0000108","micr":"NA","address":"THOUFEEQ BUILDING, OPP. OTTUPARA BUS STAND, OTTUPARA - 680590, THRISSUR DISTRICT","city":"WADAKANCHERRY","district":"TRISSUR","state":"KERALA","bank_code":"CSBK"},{"ifsc":"CSBK0000107","micr":"NA","address":"KUSHIMANNIL BUILDING,POST OFFICE JN,THIRUVALLA RD,MALLAPALLY, PATHANAMTHITTA DT.KERALA- 689 585","city":"MALLAPPALLY","district":"PATHANAMTHITTA","state":"KERALA","bank_code":"CSBK"},{"ifsc":"CSBK0000106","micr":"NA","address":"GHEE HOME, KALLARACKKAL HOSPITAL JN., KUNDARA- 691 501 KOLLAM DT., KERALA","city":"KUNDARA","district":"KOLLAM","state":"KERALA","bank_code":"CSBK"},{"ifsc":"CSBK0000105","micr":"NA","address":"PATTAMBI - 679303, PALAKKAD DISTRICT., KERALA","city":"PATTAMBI","district":"PALAKKAD","state":"KERALA","bank_code":"CSBK"},{"ifsc":"CSBK0000104","micr":"NA","address":"P.B. NO. 3, P.O. PONKUNNAM KOTTAYAM DT KERALA - 686 506","city":"PONKUNNAM","district":"KOTTAYAM","state":"KERALA","bank_code":"CSBK"},{"ifsc":"CSBK0000103","micr":"NA","address":"MOHAN NAIR C, PHONE: 04923-244211, EMAIL: NEMMARA@CSB.CO.IN","city":"NEMMARA","district":"PALAKKAD","state":"KERALA","bank_code":"CSBK"},{"ifsc":"CSBK0000102","micr":"NA","address":"AYODHYA TOWER, BANK LANE, OTTAPALAM  679101","city":"OTTAPALAM","district":"PALAKKAD","state":"KERALA","bank_code":"CSBK"},{"ifsc":"CSBK0000101","micr":"NA","address":"KALAMBADEN'S BUILDINGS VELLIKULANGARA-680693 THRISSUR DT., KERALA","city":"VELLIKULANGARA","district":"TRISSUR","state":"KERALA","bank_code":"CSBK"},{"ifsc":"CSBK0000100","micr":682047002,"address":"PB NO. 1156, MARKET ROAD, ERNAKULAM - 682 011, KERALA","city":"ERNAKULAM","district":"ERNAKULAM","state":"KERALA","bank_code":"CSBK"},{"ifsc":"CSBK0000099","micr":"NA","address":"OORAYIL BLDGS, VALLAMKULAM-689541 VALLAMKULAM EAST P.O., VIA.THIRUVALLA PATHANAMTHITTA DT., KERALA","city":"THIRUVALLA","district":"PATHANAMTHITTA","state":"KERALA","bank_code":"CSBK"},{"ifsc":"CSBK0000098","micr":682047011,"address":"PB NO 1745, CHITTOOR ROAD, VALANJAMBALAM, ERNAKULAM SOUTH - 682016","city":"KALOOR","district":"ERNAKULAM","state":"KERALA","bank_code":"CSBK"},{"ifsc":"CSBK0000097","micr":695047002,"address":"ULLOOR, MEDICAL COLLEGE P O, THIRUVANANTHAPURAM 695011,KERALA","city":"THIRUVANANTHAPURAM","district":"TRIVANDRUM","state":"KERALA","bank_code":"CSBK"},{"ifsc":"CSBK0000096","micr":695047002,"address":"MALANKAA BUILDING COMPLEX,PALAYAM,THIRUVANANTHAPURAM-695034,KERALA","city":"THIRUVANANTHAPURAM","district":"TRIVANDRUM","state":"KERALA","bank_code":"CSBK"},{"ifsc":"CSBK0000095","micr":682047015,"address":"PB. NO.10, KALARIKKAL BAZAR, HILL PALACE ROAD, THRIPUNITHURA - 682301","city":"TRIPPUNITHURA","district":"ERNAKULAM","state":"KERALA","bank_code":"CSBK"},{"ifsc":"CSBK0000094","micr":680047002,"address":"P.B. NO.7, ROUND SOUTH, THRISSUR - 680001,KERALA","city":"THRISSUR","district":"TRISSUR","state":"KERALA","bank_code":"CSBK"},{"ifsc":"CSBK0000093","micr":689047002,"address":"M C ROAD,THIRUVALLA 689101,PATHANAMTHITTA DIST, KERALA","city":"THIRUVALLA","district":"PATHANAMTHITTA","state":"KERALA","bank_code":"CSBK"},{"ifsc":"CSBK0000092","micr":"NA","address":"TARIFF BUILDING,PAN BAZAR, TIRUR - 676 101.","city":"TIRUR","district":"MALAPURAM","state":"KERALA","bank_code":"CSBK"},{"ifsc":"CSBK0000091","micr":"NA","address":"THOTTAKAD - 686539 KOTTAYAM DT KERALA","city":"THOTTAKAD","district":"KOTTAYAM","state":"KERALA","bank_code":"CSBK"},{"ifsc":"CSBK0000090","micr":682047010,"address":"PB NO. 813, THOPPUMPADY, KOCHI - 682005","city":"KALOOR","district":"ERNAKULAM","state":"KERALA","bank_code":"CSBK"},{"ifsc":"CSBK0000089","micr":"NA","address":"P B NO.57, M M ROAD JUNCTION, THALASSERY - 670101, KANNUR DIST.","city":"THALASSERY","district":"KANNUR","state":"KERALA","bank_code":"CSBK"},{"ifsc":"CSBK0000088","micr":"NA","address":"2/280, MAIN ROAD TATTAMANGALAM - 678102, CHITTUR TALUK, PALAKKAD DT., KERALA","city":"TATTAMANGALAM","district":"PALAKKAD","state":"KERALA","bank_code":"CSBK"},{"ifsc":"CSBK0000087","micr":"NA","address":"RAILWAY STATION ROAD,P O TANUR, MALAPPURAM KERALA- 676 302","city":"TANUR","district":"MALAPURAM","state":"KERALA","bank_code":"CSBK"},{"ifsc":"CSBK0000086","micr":"NA","address":"CHAKKUVALLY JUNCTION, P.O.SOORANAD-690522 KOLLAM DT., KERALA","city":"SOORANAD","district":"KOLLAM","state":"KERALA","bank_code":"CSBK"},{"ifsc":"CSBK0000085","micr":641047004,"address":"KAMARAJ ROAD, UPPILIPALAYANM, P.B. NO.3306, SINGANELLUR, COIMBATORE T N- 641 015","city":"COIMBATORE","district":"COIMBOTORE","state":"TAMIL NADU","bank_code":"CSBK"},{"ifsc":"CSBK0000084","micr":"NA","address":"MUTTOM BAZAR,CHERTHALA,688524,ALAPUZHA DT,KERALA,INDIA.","city":"CHERTHALA","district":"ALAPUZZHA","state":"KERALA","bank_code":"CSBK"},{"ifsc":"CSBK0000083","micr":636047002,"address":"DAVY PAUL, E-MAIL : SALEM@CSB.CO.IN  TELEPHONE : 0484 2353927","city":"SALEM","district":"SALEM","state":"TAMIL NADU","bank_code":"CSBK"},{"ifsc":"CSBK0000082","micr":"NA","address":"NAJEEM COMPLEX,DISTRICT HOSPITAL ROAD,VADAYATTUKOTTA ROAD END,CHAMAKADA,KOLLAM-691001,KERALA","city":"KOLLAM","district":"KOLLAM","state":"KERALA","bank_code":"CSBK"},{"ifsc":"CSBK0000081","micr":"NA","address":"P.O.PUTHOOR-691507 KOLLAM DT KERALA","city":"PUTHOOR","district":"KOLLAM","state":"KERALA","bank_code":"CSBK"},{"ifsc":"CSBK0000080","micr":"NA","address":"VII/363,VIKAS BLDG,MAIN ROAD,PUTHENPEEDIKA,680642","city":"PUTHENPEEDIKA","district":"TRISSUR","state":"KERALA","bank_code":"CSBK"},{"ifsc":"CSBK0000079","micr":"NA","address":"141-COIMBATORE ROAD OPP NALLAPPA THEATRE POLLACHI 642 001","city":"POLLACHI","district":"COIMBOTORE","state":"TAMIL NADU","bank_code":"CSBK"},{"ifsc":"CSBK0000078","micr":"NA","address":"P.B. NO. 7, MAIN ROAD, P.O. PAVARATTY, THRISSUR - 680507, KERALA","city":"PAVARATTY","district":"TRISSUR","state":"KERALA","bank_code":"CSBK"},{"ifsc":"CSBK0000077","micr":"NA","address":"DOOR NO. VII/274A, NATIONAL HIGHWAY, PATTIKAD - 680652, THRISSUR DISTRICT, KERALA","city":"PATTIKAD","district":"TRISSUR","state":"KERALA","bank_code":"CSBK"},{"ifsc":"CSBK0000076","micr":"NA","address":"K.K.ROAD, P.O.CHITTADY - 686524 KOTTAYAM DT., KERALA","city":"PARATHODE","district":"KOTTAYAM","state":"KERALA","bank_code":"CSBK"},{"ifsc":"CSBK0000075","micr":"NA","address":"PALAYAMPARAMBU P.O. - 680741, (VIA) ANNAMANADA, THRISSUR DISTRICT","city":"ASHTAMICHIRA","district":"TRISSUR","state":"KERALA","bank_code":"CSBK"},{"ifsc":"CSBK0000074","micr":682047008,"address":"BANERJI ROAD, PALATHODE, TATAPURAM, KOCHI 682014","city":"KOCHI","district":"ERNAKULAM","state":"KERALA","bank_code":"CSBK"},{"ifsc":"CSBK0000073","micr":680047008,"address":"P.B. NO. 83, PANAMKUTTICHIRA, P.O. OLLUR, THRISSUR - 680306, KERALA","city":"OLLUR","district":"TRISSUR","state":"KERALA","bank_code":"CSBK"},{"ifsc":"CSBK0000072","micr":"NA","address":"MALAMPUZHA ROAD, OLAVAKKODE - 678 002","city":"PALAKKAD","district":"PALAKKAD","state":"KERALA","bank_code":"CSBK"},{"ifsc":"CSBK0000071","micr":"NA","address":"P.S THOMAS, E-MAIL : NEYYATTINKARA@CSB.CO.IN, PHONE:04716451612","city":"NEYYATTINKARA","district":"TRIVANDRUM","state":"KERALA","bank_code":"CSBK"},{"ifsc":"CSBK0000070","micr":"NA","address":"DOOR NO.1/1019,NEMOM-695020,THIRUVANANTHAPURAM","city":"THIRUVANANTHAPURAM","district":"TRIVANDRUM","state":"KERALA","bank_code":"CSBK"},{"ifsc":"CSBK0000069","micr":68204719,"address":"POPPU AND MARIAM MEMORIAL BLDG, V.P ROAD, NARAKKAL - 682505","city":"NARAKKAL","district":"ERNAKULAM","state":"KERALA","bank_code":"CSBK"},{"ifsc":"CSBK0000068","micr":"NA","address":"VALLAMATTAM ESTATE, POST OFFICE JN. MUVATTUPUZHA ERNAKULAM DT. KERALA- 686 661","city":"MUVATTUPUZHA","district":"ERNAKULAM","state":"KERALA","bank_code":"CSBK"},{"ifsc":"CSBK0000067","micr":"NA","address":"PANACHAMOODU JN.,MURUKKUMPUZHA-695302","city":"MURUKKUPUZHA","district":"TRIVANDRUM","state":"KERALA","bank_code":"CSBK"},{"ifsc":"CSBK0000066","micr":"NA","address":"P.B. NO. 51, MARATHAKKARA - 680320, THRISSUR DISTRICT, KERALA","city":"THRISSUR","district":"TRISSUR","state":"KERALA","bank_code":"CSBK"},{"ifsc":"CSBK0000065","micr":"NA","address":"PONNANI ROAD, MARANCHERY, MALAPPURAM - 679 581","city":"MALAPPURAM","district":"MALAPURAM","state":"KERALA","bank_code":"CSBK"},{"ifsc":"CSBK0000064","micr":"NA","address":"KOVOOR BUILDING, MANIMALA RANNI ROAD P.B.NO.2, MANIMALA - 686543 KOTTAYAM DT., KERALA","city":"MANIMALA","district":"KOTTAYAM","state":"KERALA","bank_code":"CSBK"},{"ifsc":"CSBK0000063","micr":"NA","address":"P B NO. 5, MP VI/581, KOZHIKODE ROAD, MANANTHAVADY - 670645, WYNAD DT.","city":"MANANTHAVADY","district":"WAYANAD","state":"KERALA","bank_code":"CSBK"},{"ifsc":"CSBK0000062","micr":"NA","address":"MANALUR - 680617, THRISSUR DISTRICT","city":"MANALUR","district":"TRISSUR","state":"KERALA","bank_code":"CSBK"},{"ifsc":"CSBK0000061","micr":"NA","address":"ST.THOMAS CHURCH BUILDING MALAYATTUR - 683587 ERNAKULAM DT., KERALA","city":"MALAYATTUR","district":"ERNAKULAM","state":"KERALA","bank_code":"CSBK"},{"ifsc":"CSBK0000060","micr":"NA","address":"CATHOLIC CENTRE, UP-HILL, MALAPPURAM, PB NO 24, 676 505","city":"MALAPPURAM","district":"MALAPURAM","state":"KERALA","bank_code":"CSBK"},{"ifsc":"CSBK0000059","micr":600047004,"address":"268,PURUSAWALKAM HIGH ROAD,CHENNAI-600 007","city":"CHENNAI","district":"CHENNAI","state":"TAMIL NADU","bank_code":"CSBK"},{"ifsc":"CSBK0000058","micr":600047002,"address":"NO.3, 2ND LINE BEACH,CHENNAI-600 001,TAMILNADU","city":"CHENNAI","district":"CHENNAI","state":"TAMIL NADU","bank_code":"CSBK"},{"ifsc":"CSBK0000057","micr":"NA","address":"KUZHUR P.O. PIN-680734, VIA MALA THRISSUR DT., KERALA","city":"KUZHUR","district":"TRISSUR","state":"KERALA","bank_code":"CSBK"},{"ifsc":"CSBK0000056","micr":"NA","address":"P.O.KUTTIKAD-680721 VIA CHALAKUDY THRISSUR DT., KERALA","city":"KUTTIKADU","district":"TRISSUR","state":"KERALA","bank_code":"CSBK"},{"ifsc":"CSBK0000055","micr":680047007,"address":"7/450 A, M.M. BROTHERS BUILDING, P.O. ANCHERY, KUTTANELLUR - 680006, THRISSUR DISTRICT, KERALA","city":"THRISSUR","district":"TRISSUR","state":"KERALA","bank_code":"CSBK"},{"ifsc":"CSBK0000054","micr":"NA","address":"MARKET JN. MANJOOR P.O.,  KOTTAYAM 686 603","city":"KURUPPANTHARA","district":"KOTTAYAM","state":"KERALA","bank_code":"CSBK"},{"ifsc":"CSBK0000053","micr":"NA","address":"CHIRAKKAL CENTRE, KURUMPILAVU - 680584, THRISSUR DISTRICT","city":"KURUMPILAV-PUZHUVIL","district":"TRISSUR","state":"KERALA","bank_code":"CSBK"},{"ifsc":"CSBK0000052","micr":"NA","address":"BUILDING NO.5/358A, POST OFFICE JN. PUTHETHU VADAKETHIL BUILDING KURIYANNOOR-689550,PATHANAMTHITTA,KERALA","city":"PATHANAMTHITTA","district":"PATHANAMTHITTA","state":"KERALA","bank_code":"CSBK"},{"ifsc":"CSBK0000051","micr":"NA","address":"X/118, P. O. VELUTHUR - 680616, THRISSUR DISTRICT","city":"KANNATHANGADI","district":"TRISSUR","state":"KERALA","bank_code":"CSBK"},{"ifsc":"CSBK0000050","micr":"NA","address":"P. B. NO. 3, GURUVAYUR ROAD, KUNNAMKULAM - 680503, THRISSUR DISTRICT","city":"KUNNAMKULAM","district":"TRISSUR","state":"KERALA","bank_code":"CSBK"},{"ifsc":"CSBK0000049","micr":"NA","address":"DANIE COMPLEX, P.O.KUMBAZHA-689653 RANNI ROAD,P.B.NO.1, PATHANAMTHITTA DT., KERALA","city":"PATHANAMTHITTA","district":"PATHANAMTHITTA","state":"KERALA","bank_code":"CSBK"},{"ifsc":"CSBK0000048","micr":695047003,"address":"PB NO. 2405, P.O MEDICAL COLLEGE, KUMARAPURAM, THIRUVANANTHAPURAM - 695011","city":"KUMARAPURAM","district":"ALAPUZZHA","state":"KERALA","bank_code":"CSBK"},{"ifsc":"CSBK0000047","micr":"NA","address":"KUMARANALLOOR,PERUBAIKOD PO, KOTTAYAM DT.","city":"KOTTAYAM","district":"KOTTAYAM","state":"KERALA","bank_code":"CSBK"},{"ifsc":"CSBK0000046","micr":673047002,"address":"MANUEL SONS TOWERS, G S ROAD, KOZHIKODE - 673001.","city":"CALICUT","district":"KOZHIKODE","state":"KERALA","bank_code":"CSBK"},{"ifsc":"CSBK0000045","micr":"NA","address":"VARGHESE GEORGE, PHONE:0495-2727240 EMAIL:KOZHIKODEBAZAR@CSB.CO.IN","city":"CALICUT","district":"KOZHIKODE","state":"KERALA","bank_code":"CSBK"},{"ifsc":"CSBK0000044","micr":"NA","address":"ANUGRAHA SHOPPING COMPLEX P.O.KOTTAYI-678572 PALAKKAD DT., KERALA","city":"KOTTAYI","district":"PALAKKAD","state":"KERALA","bank_code":"CSBK"},{"ifsc":"CSBK0000043","micr":686047002,"address":"MATTEETHARA BUILDINGS,BAKER JUNCTION,KOTTAYAM 68601,KERAL,INDIA","city":"KOTTAYAM","district":"KOTTAYAM","state":"KERALA","bank_code":"CSBK"},{"ifsc":"CSBK0000042","micr":"NA","address":"MAIN ROAD, KOTTAPADI - 680505, THRISSUR DISTRICT","city":"KOTTAPADI","district":"TRISSUR","state":"KERALA","bank_code":"CSBK"},{"ifsc":"CSBK0000041","micr":"NA","address":"DOOR NO. IX-144, BAZAR JUNCTION, KOONAMMUCHI - 680504, THRISSUR DISTRICT","city":"MATTOM-KOONAMMUCHI","district":"TRISSUR","state":"KERALA","bank_code":"CSBK"},{"ifsc":"CSBK0000040","micr":"NA","address":"ST.AUGUSTINE'S CHURCH ROAD, P.O.ANTHINAD-686651 KOTTAYAM DT., KERALA","city":"KOLLAPPALLY","district":"KOTTAYAM","state":"KERALA","bank_code":"CSBK"},{"ifsc":"CSBK0000039","micr":680047005,"address":"P.B. NO. 139, RAILWAY STATION ROAD, THRISSUR - 680001, KERALA","city":"THRISSUR","district":"TRISSUR","state":"KERALA","bank_code":"CSBK"},{"ifsc":"CSBK0000038","micr":"NA","address":"K.S ABOOBACKER BUILDING, PALAKKAD ROAD, KODUVAYUR - 678501","city":"KODUVAYUR","district":"PALAKKAD","state":"KERALA","bank_code":"CSBK"},{"ifsc":"CSBK0000037","micr":"NA","address":"BUILDING NO.9, P.B.NO.6, BY PASS ROAD, WARD NO.6, KODUMUDI-638151 PERIYAR DT., TAMILNADU","city":"KODUMUDI","district":"ERODE","state":"TAMIL NADU","bank_code":"CSBK"},{"ifsc":"CSBK0000036","micr":"NA","address":"MOONAMKUTTY JUNCTION, KILIKOLLUR-691004 KOLLAM DT., KERALA","city":"KILIKOLLUR","district":"KOLLAM","state":"KERALA","bank_code":"CSBK"},{"ifsc":"CSBK0000035","micr":"NA","address":"KEERAMPARA JUNCTION P.O.KEERAMPARA-686691 ERNAKULAM DT., KERALA","city":"KEERAMPARA","district":"ERNAKULAM","state":"KERALA","bank_code":"CSBK"},{"ifsc":"CSBK0000034","micr":"NA","address":"MAIN ROAD, P.B.NO.18 KAYAMKULAM-690502 ALAPPUZHA DT., KERALA","city":"KAYAMKULAM","district":"ALAPUZZHA","state":"KERALA","bank_code":"CSBK"},{"ifsc":"CSBK0000033","micr":"NA","address":"P.O.PALLIKKAL-690503 P.B.NO.3 ALAPPUZHA DT., KERALA","city":"ALAPPUZHA","district":"ALAPUZZHA","state":"KERALA","bank_code":"CSBK"},{"ifsc":"CSBK0000032","micr":"NA","address":"1,SOUTH MADAVILAGAM ST,PRABHU TOWERS,HOSPITAL RD,PB 19,KARUR 639001","city":"KARUR","district":"KARUR","state":"TAMIL NADU","bank_code":"CSBK"},{"ifsc":"CSBK0000031","micr":"NA","address":"PUTHUPARAMBIL BUILDING,KARUKACHAL,686540","city":"KARUKACHAL","district":"KOTTAYAM","state":"KERALA","bank_code":"CSBK"},{"ifsc":"CSBK0000030","micr":"NA","address":"MAIN ROAD, KANDASSANKADAVU - 680613, THRISSUR DISTRICT","city":"THRISSUR","district":"TRISSUR","state":"KERALA","bank_code":"CSBK"},{"ifsc":"CSBK0000029","micr":"NA","address":"466E/IX, NH 17, P O KALLIASSERY, KANNUR - 670562","city":"KALLIASSERY","district":"KANNUR","state":"KERALA","bank_code":"CSBK"},{"ifsc":"CSBK0000028","micr":"NA","address":"JOSE P.A, E-MAIL: KADUKUTTY@CSB.CO.IN, PHONE: 0480 2718278","city":"KADUKUTTY","district":"TRISSUR","state":"KERALA","bank_code":"CSBK"},{"ifsc":"CSBK0000027","micr":"NA","address":"XII/670, P.O.KADAMBANAD SOUTH PIN-691553 PATHANAMTHITTA DT., KERALA","city":"KADAMBANAD","district":"PATHANAMTHITTA","state":"KERALA","bank_code":"CSBK"},{"ifsc":"CSBK0000026","micr":"NA","address":"TANA JUNCTION, P.B. NO. 5, IRINJALAKUDA, THRISSUR - 680121, KERALA","city":"IRINJALAKUDA","district":"TRISSUR","state":"KERALA","bank_code":"CSBK"},{"ifsc":"CSBK0000025","micr":"NA","address":"P.B. NO. 10, EAST NADA, GURUVAYUR, THRISSUR - 680101, KERALA","city":"GURUVAYUR","district":"TRISSUR","state":"KERALA","bank_code":"CSBK"},{"ifsc":"CSBK0000024","micr":"NA","address":"VAISHANAVI COMPLEX , P.B.NO.3 CALICUT ROAD, GUDALUR-643212 NILGIRIS DT., TAMILNADU","city":"GUDALUR","district":"NILGIRIS","state":"TAMIL NADU","bank_code":"CSBK"},{"ifsc":"CSBK0000023","micr":"NA","address":"KODINJI TOWERS, CHERUVANNUR, FEROKE - 673631","city":"FEROKE","district":"KOZHIKODE","state":"KERALA","bank_code":"CSBK"},{"ifsc":"CSBK0000022","micr":638047022,"address":"25, CUTCHERRY STREET ERODE - 638 001 TAMIL NADU","city":"ERODE","district":"ERODE","state":"TAMIL NADU","bank_code":"CSBK"},{"ifsc":"CSBK0000021","micr":682047002,"address":"D.J.M BUILDING, MARKET ROAD,COCHI,682011","city":"KOCHI","district":"ERNAKULAM","state":"KERALA","bank_code":"CSBK"},{"ifsc":"CSBK0000020","micr":"NA","address":"MAIN ROAD, P.O. ENGANDIYUR, THRISSUR - 680615","city":"CHAVAKKAD","district":"TRISSUR","state":"KERALA","bank_code":"CSBK"},{"ifsc":"CSBK000001A","micr":"NA","address":"GOLD MERCHANT'S ASSOCIATION BLDGS, NO.XVIII/1285, P.B.NO.3818, MULLAKKAL, ALAPPUZHA-688010, KERALA.","city":"ALAPPUZHA","district":"ALAPUZZHA","state":"KERALA","bank_code":"CSBK"},{"ifsc":"CSBK0000019","micr":641047002,"address":"DOOR NO. 153, RAJA STREET, P.B. NO.124, COIMBATORE, T N- 641 001","city":"COIMBATORE","district":"COIMBOTORE","state":"TAMIL NADU","bank_code":"CSBK"},{"ifsc":"CSBK0000018","micr":682047012,"address":"PALAMOOTTIL BUILDING,CC NO.1/583/1, UNNUMPURAM,KOCHI,682001","city":"KOCHI","district":"ERNAKULAM","state":"KERALA","bank_code":"CSBK"},{"ifsc":"CSBK0000017","micr":"NA","address":"SOHAR COMPLEX,MAIN ROAD, CHITTUR - 678101.","city":"CHITTUR","district":"PALAKKAD","state":"KERALA","bank_code":"CSBK"},{"ifsc":"CSBK0000016","micr":"NA","address":"MAIN ROAD, CHITTATTUKARA - 680511, THRISSUR DISTRICT","city":"PAVARATTY","district":"TRISSUR","state":"KERALA","bank_code":"CSBK"},{"ifsc":"CSBK0000015","micr":"NA","address":"P.B. NO. 3, BYE PASS ROAD, CHAVAKKAD, THRISSUR - 680506, KERALA","city":"CHAVAKKAD","district":"TRISSUR","state":"KERALA","bank_code":"CSBK"},{"ifsc":"CSBK0000014","micr":"NA","address":"KULATHUNGAL BUILDINGS,M C ROAD,.PERUNNA PO,686102,KOTAAM DT,KERALAINDIA.","city":"CHANGANASSERY","district":"KOTTAYAM","state":"KERALA","bank_code":"CSBK"},{"ifsc":"CSBK0000013","micr":"NA","address":"ORUMA COMPLEX, MAIN ROAD JN, CHALISSERY-679536","city":"CHALISSERY","district":"PALAKKAD","state":"KERALA","bank_code":"CSBK"},{"ifsc":"CSBK0000012","micr":"NA","address":"KAITHARATHU BUILDING, MAIN ROAD, CHALAKKUDY,KERALA STATE. PIN 680307","city":"CHALAKUDY","district":"TRISSUR","state":"KERALA","bank_code":"CSBK"},{"ifsc":"CSBK0000011","micr":"NA","address":"VEEKAY COMPLEX,FORT ROAD,KANNUR","city":"KANNUR","district":"KANNUR","state":"KERALA","bank_code":"CSBK"},{"ifsc":"CSBK0000010","micr":400047003,"address":"GAMA GRANDEUR, CENTRAL AVENUE ROAD, P O CHEMBUR, MUMBAI-40 071","city":"MUMBAI","district":"GREATER MUMBAI","state":"MAHARASHTRA","bank_code":"CSBK"},{"ifsc":"CSBK0000009","micr":560047002,"address":"ST.PATRICK'S SHOPPING ARCADE,BRIGADE ROAD,BANGALORE - 560 025","city":"BANGALORE","district":"BANGALORE URBAN","state":"KARNATAKA","bank_code":"CSBK"},{"ifsc":"CSBK0000008","micr":"NA","address":"VANKULATHUVAYAL, P O AZHIKODE, KANNUR - 670 009","city":"AZHIKODE","district":"KANNUR","state":"KERALA","bank_code":"CSBK"},{"ifsc":"CSBK0000007","micr":"NA","address":"ATHANI MANJALI ROAD, P.O.KUNNUKARA-683524 ERNAKULAM DT., KERALA","city":"KUNNUKARA","district":"ERNAKULAM","state":"KERALA","bank_code":"CSBK"},{"ifsc":"CSBK0000006","micr":"NA","address":"P.B. NO. 2, P.O. PUNNAYURKULAM, ALTHARA, THRISSUR - 679561","city":"ATTUPURAM","district":"TRISSUR","state":"KERALA","bank_code":"CSBK"},{"ifsc":"CSBK0000005","micr":"NA","address":"XII/773(L), MUDILIKULATH SHOPPING COMPLEX, ASHTAMICHIRA P.O. - 680731, THRISSUR DISTRICT","city":"ASHTAMICHIRA","district":"TRISSUR","state":"KERALA","bank_code":"CSBK"},{"ifsc":"CSBK0000004","micr":"NA","address":"CHAKKARAMPILLYSHOPING COMPLEX COMPLEX","city":"ANNAMANADA","district":"TRISSUR","state":"KERALA","bank_code":"CSBK"},{"ifsc":"CSBK0000003","micr":"NA","address":"SREE KRISHNA BUILDING, AMBALLUR JUNCTION, P.O. ALAGAPPA NAGAR, THRISSUR - 680302","city":"AMBALLUR","district":"TRISSUR","state":"KERALA","bank_code":"CSBK"},{"ifsc":"CSBK0000002","micr":682047014,"address":"PAUL DAVIS, E-MAIL : ALUVA@CSB.CO.IN, PHONE: 0484 2624565","city":"ALUVA","district":"ERNAKULAM","state":"KERALA","bank_code":"CSBK"},{"ifsc":"CSBK0000001","micr":682047002,"address":"MARKET ROAD, ERNAKULAM, KOCHI - 682011, ERNAKULAM, KERALA","city":"KOCHI","district":"ERNAKULAM","state":"KERALA","bank_code":"CSBK"}]